ligand,DG(MLE),uncertainty (kcal/mol),ligand_num
lig_4-99,0.0,0.0,4-99
lig_1-1,-2.02,0.01,1-1
lig_10046-1,-4.5,0.01,10046-1
lig_10084-1,-3.93,0.01,10084-1
lig_10092-6,-0.3700000000000001,0.01,10092-6
lig_10092-8,0.6699999999999999,0.01,10092-8
lig_10106-2,-2.35,0.01,10106-2
lig_10106-3,0.4199999999999999,0.01,10106-3
lig_10106-8,-5.54,0.01,10106-8
lig_10117-1,-5.75,0.01,10117-1
lig_10134-1,-1.21,0.01,10134-1
lig_10134-2,-0.79,0.01,10134-2
lig_10139-1,-2.64,0.01,10139-1
lig_10186-2,-1.23,0.01,10186-2
lig_10202-1,-3.4000000000000004,0.01,10202-1
lig_10202-2,-3.85,0.01,10202-2
lig_10204-1,-3.28,0.01,10204-1
lig_10205-1,-2.18,0.01,10205-1
lig_10205-2,-1.2600000000000002,0.01,10205-2
lig_10213-1,-2.43,0.01,10213-1
lig_10253-1,-2.21,0.01,10253-1
lig_10275-12,-0.09,0.01,10275-12
lig_10275-13,3.3600000000000003,0.01,10275-13
lig_10275-16,-0.3900000000000001,0.01,10275-16
lig_10275-2,-0.53,0.01,10275-2
lig_10275-4,2.52,0.01,10275-4
lig_10275-5,0.9899999999999998,0.01,10275-5
lig_10275-8,-2.38,0.01,10275-8
lig_10275-9,-0.7200000000000002,0.01,10275-9
lig_10316-1,0.4499999999999997,0.01,10316-1
lig_10358-1,-5.51,0.01,10358-1
lig_10387-1,-6.2700000000000005,0.01,10387-1
lig_10387-2,-4.94,0.01,10387-2
lig_10388-1,-1.82,0.01,10388-1
lig_1040-1,-4.58,0.01,1040-1
lig_10499-1,-2.31,0.01,10499-1
lig_10511-1,-0.53,0.01,10511-1
lig_10543-2,-0.76,0.01,10543-2
lig_10591-1,-3.92,0.01,10591-1
lig_10595-1,0.8300000000000001,0.01,10595-1
lig_10597-1,-5.7,0.01,10597-1
lig_10599-1,-4.54,0.01,10599-1
lig_10599-2,-3.16,0.01,10599-2
lig_106-1,0.4199999999999999,0.01,106-1
lig_10675-1,-2.66,0.01,10675-1
lig_10677-1,-0.8700000000000001,0.01,10677-1
lig_10703-1,0.8199999999999998,0.01,10703-1
lig_10715-1,-0.94,0.01,10715-1
lig_10720-1,-0.6400000000000001,0.01,10720-1
lig_10720-2,3.47,0.01,10720-2
lig_10748-1,-2.3000000000000003,0.01,10748-1
lig_10756-1,-4.34,0.01,10756-1
lig_10756-2,-4.390000000000001,0.01,10756-2
lig_10758-1,-4.42,0.01,10758-1
lig_10774-1,-5.97,0.01,10774-1
lig_10774-2,-3.69,0.01,10774-2
lig_10775-1,-2.47,0.01,10775-1
lig_10775-2,-4.01,0.01,10775-2
lig_10776-1,-6.59,0.01,10776-1
lig_10776-3,-6.88,0.01,10776-3
lig_10776-4,-7.0600000000000005,0.01,10776-4
lig_10778-1,-2.81,0.01,10778-1
lig_10778-2,-0.7300000000000002,0.01,10778-2
lig_10780-1,-2.77,0.01,10780-1
lig_10823-1,-0.99,0.01,10823-1
lig_10823-2,-0.81,0.01,10823-2
lig_10834-1,-4.83,0.01,10834-1
lig_10842-1,-2.48,0.01,10842-1
lig_10844-1,-2.49,0.01,10844-1
lig_10845-1,-2.88,0.01,10845-1
lig_10855-1,0.6000000000000001,0.01,10855-1
lig_10874-1,5.06,0.01,10874-1
lig_10895-2,-1.57,0.01,10895-2
lig_10908-1,-2.8600000000000003,0.01,10908-1
lig_10908-2,-4.21,0.01,10908-2
lig_10909-1,-3.31,0.01,10909-1
lig_10909-2,-3.5,0.01,10909-2
lig_10910-2,-4.12,0.01,10910-2
lig_10912-1,-2.47,0.01,10912-1
lig_10913-1,-4.13,0.01,10913-1
lig_10913-2,-1.1700000000000002,0.01,10913-2
lig_10936-1,-0.8300000000000001,0.01,10936-1
lig_10940-1,-3.62,0.01,10940-1
lig_10942-2,-1.75,0.01,10942-2
lig_10955-1,-2.2,0.01,10955-1
lig_10958-2,-1.65,0.01,10958-2
lig_10964-1,-3.58,0.01,10964-1
lig_10967-1,-1.93,0.01,10967-1
lig_10972-1,-2.85,0.01,10972-1
lig_10982-1,-0.8400000000000001,0.01,10982-1
lig_10985-2,-1.07,0.01,10985-2
lig_10985-3,-2.0700000000000003,0.01,10985-3
lig_10985-4,-0.52,0.01,10985-4
lig_10988-1,-3.39,0.01,10988-1
lig_10992-1,-3.4400000000000004,0.01,10992-1
lig_10997-1,0.1599999999999997,0.01,10997-1
lig_10999-1,-3.49,0.01,10999-1
lig_11-1,-0.77,0.01,11-1
lig_11002-1,-1.75,0.01,11002-1
lig_11005-1,-1.2000000000000002,0.01,11005-1
lig_11008-1,-2.5500000000000003,0.01,11008-1
lig_11009-1,-2.51,0.01,11009-1
lig_11012-1,-2.76,0.01,11012-1
lig_11015-1,-3.66,0.01,11015-1
lig_11016-2,0.2999999999999998,0.01,11016-2
lig_11026-1,-0.7300000000000002,0.01,11026-1
lig_11047-3,-3.4000000000000004,0.01,11047-3
lig_11048-1,-3.05,0.01,11048-1
lig_11054-1,-2.99,0.01,11054-1
lig_11056-1,-1.41,0.01,11056-1
lig_11057-1,-4.65,0.01,11057-1
lig_11063-1,-4.3100000000000005,0.01,11063-1
lig_11063-2,-5.52,0.01,11063-2
lig_11075-2,-3.53,0.01,11075-2
lig_11111-1,-3.86,0.01,11111-1
lig_11114-1,0.3999999999999999,0.01,11114-1
lig_11137-1,2.8,0.01,11137-1
lig_1115-1,-3.56,0.01,1115-1
lig_1116-1,-0.7100000000000002,0.01,1116-1
lig_1117-1,-3.43,0.01,1117-1
lig_1119-1,-2.91,0.01,1119-1
lig_11192-1,-4.02,0.01,11192-1
lig_11210-1,0.0099999999999997,0.01,11210-1
lig_11211-1,2.41,0.01,11211-1
lig_11221-1,-1.4600000000000002,0.01,11221-1
lig_11222-1,-1.9,0.01,11222-1
lig_11223-1,-5.32,0.01,11223-1
lig_11224-1,-2.81,0.01,11224-1
lig_11262-1,-6.8500000000000005,0.01,11262-1
lig_11262-4,-4.09,0.01,11262-4
lig_11278-1,-1.14,0.01,11278-1
lig_11278-2,-5.19,0.01,11278-2
lig_11278-3,-3.17,0.01,11278-3
lig_11278-4,-2.1,0.01,11278-4
lig_11299-1,-3.1,0.01,11299-1
lig_1138-2,1.23,0.01,1138-2
lig_11385-2,-3.98,0.01,11385-2
lig_11396-1,-3.85,0.01,11396-1
lig_1140-1,-1.91,0.01,1140-1
lig_1140-2,-0.08,0.01,1140-2
lig_11402-1,-2.85,0.01,11402-1
lig_11406-1,-0.2400000000000002,0.01,11406-1
lig_11409-1,-1.41,0.01,11409-1
lig_1141-1,-2.8000000000000003,0.01,1141-1
lig_11412-1,-1.65,0.01,11412-1
lig_11500-1,-2.5,0.01,11500-1
lig_11510-1,-0.6700000000000002,0.01,11510-1
lig_11585-1,-0.6200000000000001,0.01,11585-1
lig_11586-1,-3.58,0.01,11586-1
lig_11597-1,-2.91,0.01,11597-1
lig_11600-1,-0.1900000000000001,0.01,11600-1
lig_11608-1,-1.35,0.01,11608-1
lig_11627-1,-4.67,0.01,11627-1
lig_11627-2,-3.81,0.01,11627-2
lig_11653-1,-1.59,0.01,11653-1
lig_11682-1,-1.82,0.01,11682-1
lig_117-1,-0.5800000000000001,0.01,117-1
lig_11861-1,-2.62,0.01,11861-1
lig_11921-7,-2.1500000000000004,0.01,11921-7
lig_11935-1,-1.1700000000000002,0.01,11935-1
lig_11936-2,-5.71,0.01,11936-2
lig_11936-3,-3.95,0.01,11936-3
lig_11937-1,-5.68,0.01,11937-1
lig_11938-1,-3.51,0.01,11938-1
lig_11942-1,-0.8500000000000001,0.01,11942-1
lig_11947-1,-1.65,0.01,11947-1
lig_11948-1,-1.98,0.01,11948-1
lig_11948-4,-1.73,0.01,11948-4
lig_11952-1,-2.89,0.01,11952-1
lig_120-1,-4.23,0.01,120-1
lig_1207-1,-3.1,0.01,1207-1
lig_12253-1,-2.3000000000000003,0.01,12253-1
lig_12256-1,-0.9200000000000002,0.01,12256-1
lig_1226-1,-1.2200000000000002,0.01,1226-1
lig_1226-2,-0.4700000000000002,0.01,1226-2
lig_12355-1,-1.98,0.01,12355-1
lig_124-1,-3.85,0.01,124-1
lig_124-2,-1.9,0.01,124-2
lig_12491-1,0.0599999999999998,0.01,12491-1
lig_12647-1,0.0599999999999998,0.01,12647-1
lig_12649-1,-1.86,0.01,12649-1
lig_12650-1,-3.06,0.01,12650-1
lig_12652-1,-2.53,0.01,12652-1
lig_12653-1,-1.99,0.01,12653-1
lig_12656-1,-3.34,0.01,12656-1
lig_12661-1,-3.68,0.01,12661-1
lig_127-1,-2.5500000000000003,0.01,127-1
lig_12886-1,-2.84,0.01,12886-1
lig_12886-2,-1.29,0.01,12886-2
lig_12888-1,-0.55,0.01,12888-1
lig_12899-1,-0.2000000000000001,0.01,12899-1
lig_12906-1,-2.56,0.01,12906-1
lig_1295-3,0.3999999999999999,0.01,1295-3
lig_1295-4,0.3799999999999999,0.01,1295-4
lig_12987-1,-0.04,0.01,12987-1
lig_12987-2,-1.2000000000000002,0.01,12987-2
lig_13002-1,-2.39,0.01,13002-1
lig_13043-1,-5.800000000000001,0.01,13043-1
lig_13061-1,2.06,0.01,13061-1
lig_13114-1,-3.61,0.01,13114-1
lig_13177-1,-0.9300000000000002,0.01,13177-1
lig_13226-1,-2.48,0.01,13226-1
lig_13248-1,-0.8,0.01,13248-1
lig_13434-1,-2.23,0.01,13434-1
lig_13435-1,-1.4400000000000002,0.01,13435-1
lig_13437-1,-1.53,0.01,13437-1
lig_13449-1,-1.63,0.01,13449-1
lig_13449-2,-0.4100000000000001,0.01,13449-2
lig_13451-2,-1.6900000000000002,0.01,13451-2
lig_1346-2,1.0499999999999998,0.01,1346-2
lig_1349-1,-1.23,0.01,1349-1
lig_13518-1,4.58,0.01,13518-1
lig_13563-1,-0.29,0.01,13563-1
lig_1358-1,-0.8200000000000001,0.01,1358-1
lig_13581-1,0.1599999999999997,0.01,13581-1
lig_13581-2,-1.58,0.01,13581-2
lig_13581-3,-2.52,0.01,13581-3
lig_13581-4,0.1499999999999999,0.01,13581-4
lig_1359-1,-4.52,0.01,1359-1
lig_1359-3,-1.1800000000000002,0.01,1359-3
lig_1359-4,-2.46,0.01,1359-4
lig_1360-1,-0.5900000000000001,0.01,1360-1
lig_13624-1,-2.85,0.01,13624-1
lig_1366-1,-1.97,0.01,1366-1
lig_1369-1,-0.6100000000000001,0.01,1369-1
lig_1373-1,-6.34,0.01,1373-1
lig_1379-1,-2.31,0.01,1379-1
lig_13888-4,-5.35,0.01,13888-4
lig_13895-1,-2.97,0.01,13895-1
lig_13903-1,-3.71,0.01,13903-1
lig_1391-1,-2.72,0.01,1391-1
lig_1392-1,-3.43,0.01,1392-1
lig_14046-1,-2.39,0.01,14046-1
lig_1417-1,-3.93,0.01,1417-1
lig_14184-1,-1.4900000000000002,0.01,14184-1
lig_1422-1,-1.91,0.01,1422-1
lig_14236-1,-2.12,0.01,14236-1
lig_14241-2,-2.72,0.01,14241-2
lig_1427-2,-5.26,0.01,1427-2
lig_14272-1,-2.77,0.01,14272-1
lig_14284-1,-3.56,0.01,14284-1
lig_14291-1,-4.32,0.01,14291-1
lig_14293-1,1.5699999999999998,0.01,14293-1
lig_1431-3,-2.88,0.01,1431-3
lig_1431-4,-3.81,0.01,1431-4
lig_1433-1,-2.7,0.01,1433-1
lig_1435-1,-2.93,0.01,1435-1
lig_1436-1,-1.39,0.01,1436-1
lig_14367-1,-2.29,0.01,14367-1
lig_14370-1,-2.44,0.01,14370-1
lig_14455-1,-2.54,0.01,14455-1
lig_14458-1,-6.86,0.01,14458-1
lig_14477-1,-2.34,0.01,14477-1
lig_1448-1,-2.06,0.01,1448-1
lig_14492-1,-2.81,0.01,14492-1
lig_14521-1,-0.6300000000000001,0.01,14521-1
lig_146-1,-3.33,0.01,146-1
lig_1462-1,-1.4400000000000002,0.01,1462-1
lig_1464-1,1.4899999999999998,0.01,1464-1
lig_14755-1,0.0199999999999997,0.01,14755-1
lig_14787-1,-0.52,0.01,14787-1
lig_14791-1,-0.33,0.01,14791-1
lig_14816-1,0.8500000000000001,0.01,14816-1
lig_14894-1,-3.55,0.01,14894-1
lig_14894-2,-2.91,0.01,14894-2
lig_14894-3,-3.21,0.01,14894-3
lig_1490-1,-0.9200000000000002,0.01,1490-1
lig_1490-2,-0.6100000000000001,0.01,1490-2
lig_14919-1,-2.54,0.01,14919-1
lig_14921-1,-2.52,0.01,14921-1
lig_14929-1,-0.1500000000000001,0.01,14929-1
lig_15012-1,-1.0300000000000002,0.01,15012-1
lig_15022-1,-1.02,0.01,15022-1
lig_15050-1,0.56,0.01,15050-1
lig_15083-1,2.72,0.01,15083-1
lig_15094-1,-6.39,0.01,15094-1
lig_15105-1,0.4199999999999999,0.01,15105-1
lig_15107-1,1.48,0.01,15107-1
lig_15107-2,-1.98,0.01,15107-2
lig_15242-1,1.6799999999999995,0.01,15242-1
lig_15270-2,0.3799999999999999,0.01,15270-2
lig_15272-1,3.88,0.01,15272-1
lig_15276-1,-2.12,0.01,15276-1
lig_15336-1,0.1699999999999999,0.01,15336-1
lig_1534-1,-2.33,0.01,1534-1
lig_15348-1,-3.0,0.01,15348-1
lig_15349-1,-3.4000000000000004,0.01,15349-1
lig_1536-1,-0.4800000000000002,0.01,1536-1
lig_1538-1,-0.2300000000000002,0.01,1538-1
lig_15577-1,-4.17,0.01,15577-1
lig_15577-2,-2.37,0.01,15577-2
lig_15577-3,-3.3600000000000003,0.01,15577-3
lig_1563-1,-2.9800000000000004,0.01,1563-1
lig_15646-1,-2.49,0.01,15646-1
lig_15657-1,-3.47,0.01,15657-1
lig_15661-1,-2.6,0.01,15661-1
lig_15685-1,-3.49,0.01,15685-1
lig_1571-1,-2.81,0.01,1571-1
lig_15710-1,-5.12,0.01,15710-1
lig_158-1,-1.4500000000000002,0.01,158-1
lig_1583-1,-1.4200000000000002,0.01,1583-1
lig_15853-1,-2.0,0.01,15853-1
lig_15887-2,-0.4800000000000002,0.01,15887-2
lig_15916-1,-0.4900000000000002,0.01,15916-1
lig_15968-1,-3.63,0.01,15968-1
lig_15993-1,-0.8600000000000001,0.01,15993-1
lig_16031-1,1.1999999999999995,0.01,16031-1
lig_16031-2,-1.75,0.01,16031-2
lig_16058-1,-4.45,0.01,16058-1
lig_16146-1,-2.0900000000000003,0.01,16146-1
lig_16152-1,-3.92,0.01,16152-1
lig_16152-2,-3.98,0.01,16152-2
lig_16154-2,-2.22,0.01,16154-2
lig_16160-3,-3.04,0.01,16160-3
lig_16160-4,-3.65,0.01,16160-4
lig_16161-1,-2.71,0.01,16161-1
lig_16161-2,-0.1900000000000001,0.01,16161-2
lig_16161-3,-2.04,0.01,16161-3
lig_16161-4,-2.73,0.01,16161-4
lig_16171-1,-3.39,0.01,16171-1
lig_16172-1,-2.2,0.01,16172-1
lig_16172-2,-4.32,0.01,16172-2
lig_16172-3,-3.04,0.01,16172-3
lig_16172-4,-2.5700000000000003,0.01,16172-4
lig_16174-1,-5.58,0.01,16174-1
lig_16175-1,-2.67,0.01,16175-1
lig_16175-2,-2.8000000000000003,0.01,16175-2
lig_16185-1,-2.37,0.01,16185-1
lig_16185-2,-4.71,0.01,16185-2
lig_16189-1,-2.45,0.01,16189-1
lig_16189-2,-0.1100000000000001,0.01,16189-2
lig_16190-1,-1.35,0.01,16190-1
lig_16194-1,-1.82,0.01,16194-1
lig_16194-2,-0.78,0.01,16194-2
lig_16222-1,-3.16,0.01,16222-1
lig_16226-1,-2.75,0.01,16226-1
lig_16249-2,-2.48,0.01,16249-2
lig_16249-3,-4.96,0.01,16249-3
lig_16250-1,-0.2100000000000002,0.01,16250-1
lig_16250-2,-2.45,0.01,16250-2
lig_16250-3,-2.47,0.01,16250-3
lig_16250-4,-2.44,0.01,16250-4
lig_16251-1,-1.62,0.01,16251-1
lig_16317-2,-3.75,0.01,16317-2
lig_16360-1,-4.61,0.01,16360-1
lig_16374-1,-0.7200000000000002,0.01,16374-1
lig_16378-1,0.54,0.01,16378-1
lig_16378-2,-2.21,0.01,16378-2
lig_16388-1,-2.97,0.01,16388-1
lig_16390-1,-1.85,0.01,16390-1
lig_16392-1,-2.6100000000000003,0.01,16392-1
lig_16392-2,-2.97,0.01,16392-2
lig_16395-1,-0.4900000000000002,0.01,16395-1
lig_16396-1,-3.9,0.01,16396-1
lig_16407-1,-2.1500000000000004,0.01,16407-1
lig_16422-1,2.1499999999999995,0.01,16422-1
lig_16428-1,-0.4400000000000001,0.01,16428-1
lig_16428-2,-0.9300000000000002,0.01,16428-2
lig_16457-1,-2.39,0.01,16457-1
lig_16459-1,-2.01,0.01,16459-1
lig_16461-2,1.77,0.01,16461-2
lig_16483-1,-3.14,0.01,16483-1
lig_16506-1,-3.2300000000000004,0.01,16506-1
lig_16530-1,0.7999999999999998,0.01,16530-1
lig_16604-1,-2.3200000000000003,0.01,16604-1
lig_16738-1,-2.92,0.01,16738-1
lig_16778-1,-1.78,0.01,16778-1
lig_16778-2,-4.9,0.01,16778-2
lig_16781-1,-0.8900000000000001,0.01,16781-1
lig_16781-2,-2.23,0.01,16781-2
lig_16781-3,-2.44,0.01,16781-3
lig_16787-1,-0.4400000000000001,0.01,16787-1
lig_16787-2,-1.14,0.01,16787-2
lig_16813-2,-2.33,0.01,16813-2
lig_16826-1,1.61,0.01,16826-1
lig_16849-1,0.8599999999999999,0.01,16849-1
lig_16937-1,-2.0700000000000003,0.01,16937-1
lig_16955-1,-1.38,0.01,16955-1
lig_1701-1,-3.89,0.01,1701-1
lig_1710-1,-5.86,0.01,1710-1
lig_17157-2,-2.79,0.01,17157-2
lig_17157-3,-4.41,0.01,17157-3
lig_17157-4,-3.92,0.01,17157-4
lig_17196-1,-0.51,0.01,17196-1
lig_172-1,-2.5700000000000003,0.01,172-1
lig_172-2,-3.1100000000000003,0.01,172-2
lig_17220-1,-2.6500000000000004,0.01,17220-1
lig_17365-1,-2.37,0.01,17365-1
lig_17443-1,-2.4000000000000004,0.01,17443-1
lig_17446-1,-0.6100000000000001,0.01,17446-1
lig_17532-1,-1.56,0.01,17532-1
lig_17645-1,-2.0,0.01,17645-1
lig_17692-1,-1.2600000000000002,0.01,17692-1
lig_17698-1,-0.8,0.01,17698-1
lig_17698-2,-2.58,0.01,17698-2
lig_17731-2,-0.91,0.01,17731-2
lig_17731-3,1.7399999999999998,0.01,17731-3
lig_17771-1,-1.91,0.01,17771-1
lig_17782-1,-2.71,0.01,17782-1
lig_17782-2,0.0099999999999997,0.01,17782-2
lig_178-1,-0.6200000000000001,0.01,178-1
lig_17816-1,-3.63,0.01,17816-1
lig_17826-1,0.3199999999999998,0.01,17826-1
lig_17915-1,-0.8500000000000001,0.01,17915-1
lig_17967-1,-0.79,0.01,17967-1
lig_18138-1,-3.56,0.01,18138-1
lig_18148-1,0.0499999999999998,0.01,18148-1
lig_18149-1,-1.75,0.01,18149-1
lig_18304-1,-4.95,0.01,18304-1
lig_18309-1,-1.41,0.01,18309-1
lig_18312-1,-2.3000000000000003,0.01,18312-1
lig_18315-1,-3.35,0.01,18315-1
lig_18317-2,-3.75,0.01,18317-2
lig_18317-3,-1.82,0.01,18317-3
lig_18317-4,-4.0,0.01,18317-4
lig_18322-1,-3.62,0.01,18322-1
lig_1842-1,-3.88,0.01,1842-1
lig_18506-2,-3.49,0.01,18506-2
lig_18506-3,0.7599999999999998,0.01,18506-3
lig_18506-4,-5.11,0.01,18506-4
lig_18507-1,-3.74,0.01,18507-1
lig_18507-2,-2.43,0.01,18507-2
lig_1854-1,-0.29,0.01,1854-1
lig_18584-1,-1.12,0.01,18584-1
lig_18596-1,-1.83,0.01,18596-1
lig_1874-1,-3.25,0.01,1874-1
lig_1878-2,0.79,0.01,1878-2
lig_18781-1,-3.02,0.01,18781-1
lig_1887-2,0.27,0.01,1887-2
lig_18895-2,-0.03,0.01,18895-2
lig_18906-1,0.1799999999999997,0.01,18906-1
lig_18906-2,-0.4400000000000001,0.01,18906-2
lig_18909-2,-3.12,0.01,18909-2
lig_18926-1,2.35,0.01,18926-1
lig_18926-2,-1.19,0.01,18926-2
lig_18928-1,0.1599999999999997,0.01,18928-1
lig_1896-1,-0.8900000000000001,0.01,1896-1
lig_18975-1,1.61,0.01,18975-1
lig_1901-1,-1.77,0.01,1901-1
lig_19100-1,-3.33,0.01,19100-1
lig_19108-1,-2.26,0.01,19108-1
lig_1912-1,0.4599999999999999,0.01,1912-1
lig_19159-1,2.78,0.01,19159-1
lig_19160-1,-0.26,0.01,19160-1
lig_19163-3,0.71,0.01,19163-3
lig_19164-2,2.46,0.01,19164-2
lig_19167-1,-3.22,0.01,19167-1
lig_19167-2,-2.8200000000000003,0.01,19167-2
lig_19189-1,-1.19,0.01,19189-1
lig_19198-1,0.0599999999999998,0.01,19198-1
lig_19209-1,-3.35,0.01,19209-1
lig_19242-1,-1.6800000000000002,0.01,19242-1
lig_19265-2,0.0299999999999998,0.01,19265-2
lig_19266-1,-3.84,0.01,19266-1
lig_19269-1,-5.27,0.01,19269-1
lig_19388-2,1.11,0.01,19388-2
lig_19391-1,-0.8,0.01,19391-1
lig_1941-2,-2.08,0.01,1941-2
lig_1943-1,-4.52,0.01,1943-1
lig_19437-1,-1.13,0.01,19437-1
lig_19478-1,-0.27,0.01,19478-1
lig_19513-1,-2.28,0.01,19513-1
lig_19595-1,-1.0100000000000002,0.01,19595-1
lig_19606-1,-1.31,0.01,19606-1
lig_19606-2,-1.81,0.01,19606-2
lig_19635-1,-1.54,0.01,19635-1
lig_19643-1,-5.2,0.01,19643-1
lig_19705-1,-2.8000000000000003,0.01,19705-1
lig_19768-1,-1.2000000000000002,0.01,19768-1
lig_19769-1,1.0,0.01,19769-1
lig_20052-2,2.42,0.01,20052-2
lig_20057-1,-5.52,0.01,20057-1
lig_20060-1,-2.59,0.01,20060-1
lig_20060-2,-1.76,0.01,20060-2
lig_20060-3,-0.29,0.01,20060-3
lig_20060-4,-4.3100000000000005,0.01,20060-4
lig_20061-1,-4.45,0.01,20061-1
lig_20061-2,-2.5700000000000003,0.01,20061-2
lig_20061-3,-5.18,0.01,20061-3
lig_20061-4,-4.0,0.01,20061-4
lig_20094-1,-3.18,0.01,20094-1
lig_20098-1,0.96,0.01,20098-1
lig_20198-1,-4.34,0.01,20198-1
lig_202-1,-1.62,0.01,202-1
lig_2025-1,-4.86,0.01,2025-1
lig_20315-1,0.1699999999999999,0.01,20315-1
lig_20353-2,-3.25,0.01,20353-2
lig_20353-3,-4.19,0.01,20353-3
lig_20353-4,-3.5,0.01,20353-4
lig_20369-1,-2.74,0.01,20369-1
lig_2045-1,-1.59,0.01,2045-1
lig_2047-1,1.38,0.01,2047-1
lig_20584-2,-2.9400000000000004,0.01,20584-2
lig_2059-1,-1.07,0.01,2059-1
lig_20621-1,-1.11,0.01,20621-1
lig_20625-1,-0.5700000000000001,0.01,20625-1
lig_20646-1,-2.39,0.01,20646-1
lig_20660-1,1.7399999999999998,0.01,20660-1
lig_20660-2,-0.05,0.01,20660-2
lig_20667-1,-0.95,0.01,20667-1
lig_20757-1,-0.76,0.01,20757-1
lig_20762-2,-1.7200000000000002,0.01,20762-2
lig_20763-2,-0.02,0.01,20763-2
lig_20763-3,-5.97,0.01,20763-3
lig_20767-1,-1.92,0.01,20767-1
lig_2080-1,-4.19,0.01,2080-1
lig_20827-1,-0.4700000000000002,0.01,20827-1
lig_20922-1,3.78,0.01,20922-1
lig_20935-1,-1.76,0.01,20935-1
lig_2103-1,-3.41,0.01,2103-1
lig_2114-1,-5.19,0.01,2114-1
lig_21372-1,-2.02,0.01,21372-1
lig_21457-1,-2.3200000000000003,0.01,21457-1
lig_21461-1,1.5499999999999998,0.01,21461-1
lig_21538-1,-0.25,0.01,21538-1
lig_21626-1,-0.33,0.01,21626-1
lig_21628-1,0.8999999999999999,0.01,21628-1
lig_21630-2,-0.1100000000000001,0.01,21630-2
lig_21651-1,3.18,0.01,21651-1
lig_21653-1,0.4699999999999997,0.01,21653-1
lig_21679-1,-2.64,0.01,21679-1
lig_2176-1,-1.14,0.01,2176-1
lig_21970-1,-0.4800000000000002,0.01,21970-1
lig_21980-1,1.2599999999999998,0.01,21980-1
lig_21980-2,0.3599999999999999,0.01,21980-2
lig_22-1,-5.48,0.01,22-1
lig_22178-1,-1.11,0.01,22178-1
lig_222-1,-1.41,0.01,222-1
lig_22326-1,-5.58,0.01,22326-1
lig_22331-1,-3.47,0.01,22331-1
lig_22341-11,0.1099999999999998,0.01,22341-11
lig_22341-15,-0.3600000000000001,0.01,22341-15
lig_2237-1,-1.96,0.01,2237-1
lig_22373-2,-1.55,0.01,22373-2
lig_22408-2,3.0700000000000003,0.01,22408-2
lig_2242-1,-2.2,0.01,2242-1
lig_22448-1,0.9899999999999998,0.01,22448-1
lig_22529-1,-6.18,0.01,22529-1
lig_22529-4,-4.43,0.01,22529-4
lig_22550-2,-1.2200000000000002,0.01,22550-2
lig_22565-1,-1.99,0.01,22565-1
lig_22565-2,-2.49,0.01,22565-2
lig_22574-1,-3.9,0.01,22574-1
lig_2259-2,0.48,0.01,2259-2
lig_22639-1,-0.6400000000000001,0.01,22639-1
lig_22655-1,-2.97,0.01,22655-1
lig_22675-2,-1.9,0.01,22675-2
lig_22676-1,-3.38,0.01,22676-1
lig_22676-4,-0.52,0.01,22676-4
lig_22682-2,-4.12,0.01,22682-2
lig_2283-1,-2.0500000000000003,0.01,2283-1
lig_22903-1,-0.6500000000000001,0.01,22903-1
lig_22913-1,-2.31,0.01,22913-1
lig_22915-2,-1.11,0.01,22915-2
lig_22920-1,0.3199999999999998,0.01,22920-1
lig_22930-2,-6.44,0.01,22930-2
lig_22931-1,-4.050000000000001,0.01,22931-1
lig_22931-2,-2.49,0.01,22931-2
lig_22941-1,-2.78,0.01,22941-1
lig_22953-1,3.47,0.01,22953-1
lig_22953-2,2.63,0.01,22953-2
lig_2296-1,-2.72,0.01,2296-1
lig_23009-1,-1.06,0.01,23009-1
lig_2308-1,-1.3000000000000005,0.01,2308-1
lig_2310-1,-2.41,0.01,2310-1
lig_2311-1,-4.0,0.01,2311-1
lig_2313-1,-3.86,0.01,2313-1
lig_2313-2,-2.0900000000000003,0.01,2313-2
lig_2316-2,-1.93,0.01,2316-2
lig_2317-1,-2.17,0.01,2317-1
lig_2322-1,-2.13,0.01,2322-1
lig_2322-2,-3.3600000000000003,0.01,2322-2
lig_23238-2,-1.63,0.01,23238-2
lig_2324-1,-1.25,0.01,2324-1
lig_2324-2,-0.8500000000000001,0.01,2324-2
lig_2325-1,-2.87,0.01,2325-1
lig_2325-2,-4.66,0.01,2325-2
lig_23260-1,-0.95,0.01,23260-1
lig_2327-1,-2.7,0.01,2327-1
lig_2327-2,-0.6200000000000001,0.01,2327-2
lig_23270-1,-5.44,0.01,23270-1
lig_23270-2,-2.33,0.01,23270-2
lig_2328-1,-1.2000000000000002,0.01,2328-1
lig_2328-2,-1.88,0.01,2328-2
lig_2330-1,-2.72,0.01,2330-1
lig_2330-2,-4.18,0.01,2330-2
lig_2333-1,-0.6300000000000001,0.01,2333-1
lig_2336-1,2.6499999999999995,0.01,2336-1
lig_2337-1,-2.72,0.01,2337-1
lig_2337-2,-1.25,0.01,2337-2
lig_2337-4,-1.27,0.01,2337-4
lig_2338-1,-3.01,0.01,2338-1
lig_2339-1,-1.4300000000000002,0.01,2339-1
lig_2349-1,-5.45,0.01,2349-1
lig_23563-1,-4.37,0.01,23563-1
lig_23578-1,-3.58,0.01,23578-1
lig_23583-1,-3.77,0.01,23583-1
lig_23605-1,-1.8,0.01,23605-1
lig_2365-1,-2.17,0.01,2365-1
lig_23658-1,-1.52,0.01,23658-1
lig_23754-2,0.4499999999999997,0.01,23754-2
lig_23856-1,-5.11,0.01,23856-1
lig_2387-1,0.31,0.01,2387-1
lig_2400-1,-2.68,0.01,2400-1
lig_2401-1,1.62,0.01,2401-1
lig_2406-1,-0.6000000000000001,0.01,2406-1
lig_24105-2,-2.72,0.01,24105-2
lig_24140-2,3.77,0.01,24140-2
lig_24216-2,2.11,0.01,24216-2
lig_24322-1,-2.75,0.01,24322-1
lig_24370-1,-1.48,0.01,24370-1
lig_2445-1,-2.44,0.01,2445-1
lig_2445-2,-2.5700000000000003,0.01,2445-2
lig_2445-3,-2.48,0.01,2445-3
lig_2445-4,-0.3500000000000001,0.01,2445-4
lig_24460-2,-0.3400000000000001,0.01,24460-2
lig_24463-2,-4.73,0.01,24463-2
lig_24486-1,-0.9200000000000002,0.01,24486-1
lig_2449-1,1.81,0.01,2449-1
lig_24524-1,-1.85,0.01,24524-1
lig_24555-1,0.1199999999999998,0.01,24555-1
lig_24559-1,-2.27,0.01,24559-1
lig_24560-4,1.6,0.01,24560-4
lig_24561-2,-1.15,0.01,24561-2
lig_24575-1,-1.38,0.01,24575-1
lig_24575-2,-2.4000000000000004,0.01,24575-2
lig_2458-1,-3.71,0.01,2458-1
lig_24583-2,-0.7300000000000002,0.01,24583-2
lig_24629-3,1.7399999999999998,0.01,24629-3
lig_2463-1,-0.51,0.01,2463-1
lig_24630-2,-0.6100000000000001,0.01,24630-2
lig_24633-1,-1.52,0.01,24633-1
lig_24633-2,-1.41,0.01,24633-2
lig_24672-1,-0.09,0.01,24672-1
lig_2472-1,-4.46,0.01,2472-1
lig_24819-1,-0.94,0.01,24819-1
lig_24819-2,-1.85,0.01,24819-2
lig_24824-4,-1.81,0.01,24824-4
lig_24825-1,-2.42,0.01,24825-1
lig_24826-1,-1.25,0.01,24826-1
lig_24826-2,2.6,0.01,24826-2
lig_2506-1,-1.91,0.01,2506-1
lig_25215-1,-3.08,0.01,25215-1
lig_25215-2,-3.43,0.01,25215-2
lig_25215-3,-4.34,0.01,25215-3
lig_25215-4,-1.5100000000000002,0.01,25215-4
lig_25253-1,-1.6700000000000002,0.01,25253-1
lig_25253-2,-2.87,0.01,25253-2
lig_25309-1,-2.01,0.01,25309-1
lig_2537-1,0.5899999999999999,0.01,2537-1
lig_25432-1,-4.34,0.01,25432-1
lig_25433-1,1.33,0.01,25433-1
lig_25435-1,-0.4200000000000001,0.01,25435-1
lig_25435-2,-4.0,0.01,25435-2
lig_25435-4,-1.16,0.01,25435-4
lig_25436-2,-1.4900000000000002,0.01,25436-2
lig_25436-4,-0.8600000000000001,0.01,25436-4
lig_25442-1,-2.45,0.01,25442-1
lig_25442-2,-3.21,0.01,25442-2
lig_25460-1,0.7199999999999998,0.01,25460-1
lig_25465-5,-0.7400000000000002,0.01,25465-5
lig_25468-5,0.79,0.01,25468-5
lig_25532-2,-4.96,0.01,25532-2
lig_25532-3,-2.44,0.01,25532-3
lig_25537-1,-2.62,0.01,25537-1
lig_25538-1,-1.97,0.01,25538-1
lig_25577-1,1.85,0.01,25577-1
lig_25577-2,4.53,0.01,25577-2
lig_25580-1,1.7599999999999998,0.01,25580-1
lig_25613-1,-1.0,0.01,25613-1
lig_25840-3,0.9099999999999996,0.01,25840-3
lig_25932-1,-2.29,0.01,25932-1
lig_25952-1,1.0499999999999998,0.01,25952-1
lig_26069-1,-1.0500000000000005,0.01,26069-1
lig_26082-2,-4.77,0.01,26082-2
lig_26169-1,3.13,0.01,26169-1
lig_2621-1,-4.550000000000001,0.01,2621-1
lig_2628-1,-3.41,0.01,2628-1
lig_26342-2,3.34,0.01,26342-2
lig_2635-2,-0.6800000000000002,0.01,2635-2
lig_2635-3,-1.6900000000000002,0.01,2635-3
lig_2635-4,-1.4900000000000002,0.01,2635-4
lig_265-1,-0.9200000000000002,0.01,265-1
lig_26586-2,-2.97,0.01,26586-2
lig_26622-1,-4.03,0.01,26622-1
lig_26625-2,-0.9200000000000002,0.01,26625-2
lig_26643-1,-1.2200000000000002,0.01,26643-1
lig_2667-1,-1.02,0.01,2667-1
lig_26756-1,-1.4,0.01,26756-1
lig_2680-1,-4.8100000000000005,0.01,2680-1
lig_2681-1,-2.41,0.01,2681-1
lig_2683-1,-0.4600000000000002,0.01,2683-1
lig_26874-1,0.0299999999999998,0.01,26874-1
lig_26958-2,1.2999999999999998,0.01,26958-2
lig_26961-2,0.9899999999999998,0.01,26961-2
lig_2701-1,-1.81,0.01,2701-1
lig_27013-1,-0.02,0.01,27013-1
lig_2702-1,-3.09,0.01,2702-1
lig_27063-1,-0.56,0.01,27063-1
lig_27065-1,-0.9200000000000002,0.01,27065-1
lig_27065-2,-1.2000000000000002,0.01,27065-2
lig_27068-2,1.6399999999999997,0.01,27068-2
lig_2707-1,-3.76,0.01,2707-1
lig_27086-1,1.1599999999999997,0.01,27086-1
lig_27086-2,1.56,0.01,27086-2
lig_27088-1,-1.06,0.01,27088-1
lig_27089-1,-2.76,0.01,27089-1
lig_27091-1,0.7599999999999998,0.01,27091-1
lig_27096-1,0.6599999999999997,0.01,27096-1
lig_27098-1,0.9099999999999996,0.01,27098-1
lig_27107-1,0.4699999999999997,0.01,27107-1
lig_27107-2,0.1899999999999999,0.01,27107-2
lig_27253-1,-3.04,0.01,27253-1
lig_27269-1,-2.95,0.01,27269-1
lig_27272-1,-2.77,0.01,27272-1
lig_27272-2,-0.3800000000000001,0.01,27272-2
lig_27277-1,-0.9300000000000002,0.01,27277-1
lig_27359-1,-2.42,0.01,27359-1
lig_27585-1,-7.27,0.01,27585-1
lig_27632-1,1.3199999999999998,0.01,27632-1
lig_27669-1,-1.19,0.01,27669-1
lig_27675-1,-1.38,0.01,27675-1
lig_27675-2,-0.9200000000000002,0.01,27675-2
lig_27716-1,-1.64,0.01,27716-1
lig_27755-1,-1.36,0.01,27755-1
lig_2787-1,-0.03,0.01,2787-1
lig_27910-2,1.86,0.01,27910-2
lig_27975-1,-4.21,0.01,27975-1
lig_28049-1,-1.99,0.01,28049-1
lig_28052-1,-4.38,0.01,28052-1
lig_28052-2,-4.720000000000001,0.01,28052-2
lig_28052-3,-2.44,0.01,28052-3
lig_28052-4,-4.48,0.01,28052-4
lig_28054-2,-1.35,0.01,28054-2
lig_28054-3,2.64,0.01,28054-3
lig_28054-4,-3.38,0.01,28054-4
lig_28055-1,-2.45,0.01,28055-1
lig_28055-2,-4.29,0.01,28055-2
lig_28055-4,-3.45,0.01,28055-4
lig_2806-1,-2.35,0.01,2806-1
lig_28642-1,-2.5700000000000003,0.01,28642-1
lig_2868-1,-3.04,0.01,2868-1
lig_2869-4,1.7199999999999998,0.01,2869-4
lig_2872-1,-0.7100000000000002,0.01,2872-1
lig_28823-1,-1.76,0.01,28823-1
lig_28838-1,-3.83,0.01,28838-1
lig_28902-1,-3.74,0.01,28902-1
lig_28910-1,-3.09,0.01,28910-1
lig_28911-1,-1.38,0.01,28911-1
lig_28919-1,-0.7000000000000002,0.01,28919-1
lig_2895-1,-3.42,0.01,2895-1
lig_2896-1,-4.4,0.01,2896-1
lig_2896-2,-3.28,0.01,2896-2
lig_28964-1,-1.0,0.01,28964-1
lig_28964-2,-5.11,0.01,28964-2
lig_28967-2,-4.99,0.01,28967-2
lig_28967-3,-4.87,0.01,28967-3
lig_29038-1,-2.51,0.01,29038-1
lig_29059-4,-5.7,0.01,29059-4
lig_29060-2,0.5800000000000001,0.01,29060-2
lig_29061-3,-3.2,0.01,29061-3
lig_29061-4,-7.36,0.01,29061-4
lig_29062-4,-5.52,0.01,29062-4
lig_29063-1,-3.76,0.01,29063-1
lig_29063-2,-4.11,0.01,29063-2
lig_29063-3,-2.76,0.01,29063-3
lig_29063-4,-3.17,0.01,29063-4
lig_29087-2,0.1099999999999998,0.01,29087-2
lig_29195-1,-2.6500000000000004,0.01,29195-1
lig_29197-1,-3.92,0.01,29197-1
lig_29198-2,-3.1900000000000004,0.01,29198-2
lig_29306-5,0.8500000000000001,0.01,29306-5
lig_29306-7,0.2599999999999998,0.01,29306-7
lig_29312-6,-2.73,0.01,29312-6
lig_29312-7,-2.4000000000000004,0.01,29312-7
lig_29314-4,-0.1100000000000001,0.01,29314-4
lig_2935-1,1.1,0.01,2935-1
lig_2935-2,-2.48,0.01,2935-2
lig_29601-3,-3.05,0.01,29601-3
lig_29601-4,-2.3600000000000003,0.01,29601-4
lig_29605-2,-3.81,0.01,29605-2
lig_29608-2,-4.91,0.01,29608-2
lig_29617-1,-1.7100000000000002,0.01,29617-1
lig_2964-2,-1.78,0.01,2964-2
lig_29759-1,-3.2,0.01,29759-1
lig_2979-1,-3.51,0.01,2979-1
lig_2981-1,-2.8600000000000003,0.01,2981-1
lig_2983-1,-1.89,0.01,2983-1
lig_2983-2,-2.3600000000000003,0.01,2983-2
lig_29832-1,-2.69,0.01,29832-1
lig_30045-3,-1.11,0.01,30045-3
lig_30309-1,-2.7,0.01,30309-1
lig_3032-1,-3.86,0.01,3032-1
lig_3033-1,-3.21,0.01,3033-1
lig_30432-1,-2.9000000000000004,0.01,30432-1
lig_30475-2,1.19,0.01,30475-2
lig_3059-1,-3.43,0.01,3059-1
lig_30599-1,-0.7400000000000002,0.01,30599-1
lig_30788-4,-2.14,0.01,30788-4
lig_31-1,-3.22,0.01,31-1
lig_31003-1,-2.6500000000000004,0.01,31003-1
lig_31003-2,-4.300000000000001,0.01,31003-2
lig_31004-1,-4.34,0.01,31004-1
lig_31004-2,-2.5,0.01,31004-2
lig_31004-3,-2.9000000000000004,0.01,31004-3
lig_31004-4,-5.88,0.01,31004-4
lig_31005-1,-0.26,0.01,31005-1
lig_31005-3,-0.09,0.01,31005-3
lig_31005-5,-4.54,0.01,31005-5
lig_31005-8,-2.4000000000000004,0.01,31005-8
lig_31007-1,-4.54,0.01,31007-1
lig_31007-3,-5.09,0.01,31007-3
lig_31007-4,-5.84,0.01,31007-4
lig_31013-8,3.55,0.01,31013-8
lig_31018-4,-1.4600000000000002,0.01,31018-4
lig_31018-5,-1.85,0.01,31018-5
lig_31018-7,-2.67,0.01,31018-7
lig_31076-3,-6.24,0.01,31076-3
lig_31131-1,-0.2200000000000002,0.01,31131-1
lig_31144-1,1.04,0.01,31144-1
lig_31144-2,-3.82,0.01,31144-2
lig_31145-1,1.4,0.01,31145-1
lig_31145-2,-3.3,0.01,31145-2
lig_3117-1,-3.1500000000000004,0.01,3117-1
lig_31180-1,0.8899999999999997,0.01,31180-1
lig_31227-1,1.4,0.01,31227-1
lig_3123-1,-1.6700000000000002,0.01,3123-1
lig_3130-1,2.52,0.01,3130-1
lig_3135-1,0.0399999999999998,0.01,3135-1
lig_31419-1,-3.04,0.01,31419-1
lig_31443-1,-5.82,0.01,31443-1
lig_31446-1,-3.5,0.01,31446-1
lig_31468-1,-1.14,0.01,31468-1
lig_31479-2,1.7199999999999998,0.01,31479-2
lig_31480-1,-2.27,0.01,31480-1
lig_31480-2,-0.2000000000000001,0.01,31480-2
lig_31480-3,-1.55,0.01,31480-3
lig_31480-4,-0.6600000000000001,0.01,31480-4
lig_31487-2,2.68,0.01,31487-2
lig_31494-1,-1.66,0.01,31494-1
lig_31585-1,-1.4600000000000002,0.01,31585-1
lig_31862-1,-0.9200000000000002,0.01,31862-1
lig_31936-3,-6.04,0.01,31936-3
lig_3195-1,-6.59,0.01,3195-1
lig_32010-1,-4.78,0.01,32010-1
lig_32039-1,-2.93,0.01,32039-1
lig_32224-1,-2.92,0.01,32224-1
lig_3231-1,1.1599999999999997,0.01,3231-1
lig_3234-1,0.2399999999999997,0.01,3234-1
lig_32345-1,-4.9,0.01,32345-1
lig_3236-1,-2.3600000000000003,0.01,3236-1
lig_32386-1,-0.52,0.01,32386-1
lig_32399-1,-1.1800000000000002,0.01,32399-1
lig_3267-2,-3.64,0.01,3267-2
lig_3273-1,-1.79,0.01,3273-1
lig_3273-2,-3.18,0.01,3273-2
lig_32793-1,-3.71,0.01,32793-1
lig_32793-2,-1.78,0.01,32793-2
lig_32793-3,-0.76,0.01,32793-3
lig_32878-3,0.0999999999999998,0.01,32878-3
lig_32878-4,1.88,0.01,32878-4
lig_32904-1,2.38,0.01,32904-1
lig_32961-2,2.66,0.01,32961-2
lig_32964-2,1.0699999999999998,0.01,32964-2
lig_33023-1,-0.2000000000000001,0.01,33023-1
lig_3305-1,-0.4600000000000002,0.01,3305-1
lig_3305-2,1.75,0.01,3305-2
lig_33140-1,-4.86,0.01,33140-1
lig_33143-1,-4.48,0.01,33143-1
lig_33145-1,-2.92,0.01,33145-1
lig_33169-1,0.79,0.01,33169-1
lig_3318-1,2.4799999999999995,0.01,3318-1
lig_33267-1,-1.64,0.01,33267-1
lig_3333-1,-1.8,0.01,3333-1
lig_3333-2,-1.97,0.01,3333-2
lig_33408-1,-3.3200000000000003,0.01,33408-1
lig_3347-1,-1.93,0.01,3347-1
lig_3347-2,-4.69,0.01,3347-2
lig_33512-1,-3.69,0.01,33512-1
lig_3358-1,-2.48,0.01,3358-1
lig_33839-1,0.73,0.01,33839-1
lig_34025-1,2.1,0.01,34025-1
lig_34072-2,-1.38,0.01,34072-2
lig_34073-2,-3.3200000000000003,0.01,34073-2
lig_3450-1,-1.0300000000000002,0.01,3450-1
lig_3450-2,-1.0300000000000002,0.01,3450-2
lig_3450-4,-0.06,0.01,3450-4
lig_3456-4,2.01,0.01,3456-4
lig_3458-1,-1.4,0.01,3458-1
lig_3458-2,-2.64,0.01,3458-2
lig_3466-1,-3.0,0.01,3466-1
lig_34754-1,-5.93,0.01,34754-1
lig_348-1,-3.1900000000000004,0.01,348-1
lig_34822-1,0.4199999999999999,0.01,34822-1
lig_34859-2,5.6,0.01,34859-2
lig_34867-2,0.9299999999999996,0.01,34867-2
lig_3492-2,-2.52,0.01,3492-2
lig_34970-1,-0.1600000000000001,0.01,34970-1
lig_3499-1,3.47,0.01,3499-1
lig_35006-1,-0.03,0.01,35006-1
lig_35007-1,-3.54,0.01,35007-1
lig_35201-1,0.54,0.01,35201-1
lig_35201-2,1.06,0.01,35201-2
lig_35206-1,3.42,0.01,35206-1
lig_35211-1,-1.77,0.01,35211-1
lig_35211-2,-1.16,0.01,35211-2
lig_35211-3,-2.0,0.01,35211-3
lig_35211-4,0.4199999999999999,0.01,35211-4
lig_35213-1,-0.91,0.01,35213-1
lig_35213-2,-2.8200000000000003,0.01,35213-2
lig_35219-4,-0.03,0.01,35219-4
lig_3527-1,-2.6100000000000003,0.01,3527-1
lig_3528-1,-1.25,0.01,3528-1
lig_3538-1,-1.73,0.01,3538-1
lig_35399-2,-1.96,0.01,35399-2
lig_35399-3,-2.17,0.01,35399-3
lig_35400-1,0.3500000000000001,0.01,35400-1
lig_35469-3,3.45,0.01,35469-3
lig_3553-1,-1.83,0.01,3553-1
lig_35688-1,-2.7,0.01,35688-1
lig_35688-2,-3.55,0.01,35688-2
lig_35688-3,-1.7400000000000002,0.01,35688-3
lig_35688-4,-0.31,0.01,35688-4
lig_35689-1,-4.41,0.01,35689-1
lig_35689-2,-0.5900000000000001,0.01,35689-2
lig_35689-3,-1.0300000000000002,0.01,35689-3
lig_35689-4,-0.4100000000000001,0.01,35689-4
lig_35689-5,-0.78,0.01,35689-5
lig_35689-6,-4.96,0.01,35689-6
lig_35689-7,-1.4900000000000002,0.01,35689-7
lig_35689-8,-2.3000000000000003,0.01,35689-8
lig_3574-1,-0.8900000000000001,0.01,3574-1
lig_36314-5,-0.8800000000000001,0.01,36314-5
lig_36344-8,-3.92,0.01,36344-8
lig_36588-1,-0.7300000000000002,0.01,36588-1
lig_36617-1,-1.0300000000000002,0.01,36617-1
lig_36870-1,-4.0,0.01,36870-1
lig_36943-1,-2.97,0.01,36943-1
lig_3698-1,-4.54,0.01,3698-1
lig_37348-1,-0.95,0.01,37348-1
lig_37771-1,-3.92,0.01,37771-1
lig_37891-3,-6.62,0.01,37891-3
lig_37892-2,-2.06,0.01,37892-2
lig_3794-1,-3.47,0.01,3794-1
lig_3795-1,-2.42,0.01,3795-1
lig_37962-2,-0.33,0.01,37962-2
lig_37962-5,-2.43,0.01,37962-5
lig_38017-1,-5.33,0.01,38017-1
lig_38085-1,-1.7400000000000002,0.01,38085-1
lig_3822-1,-0.55,0.01,3822-1
lig_3841-1,0.5099999999999998,0.01,3841-1
lig_38780-1,-2.3200000000000003,0.01,38780-1
lig_39043-2,-0.09,0.01,39043-2
lig_39066-1,-1.98,0.01,39066-1
lig_39098-1,-3.3200000000000003,0.01,39098-1
lig_39098-2,-4.8100000000000005,0.01,39098-2
lig_39107-1,-6.3100000000000005,0.01,39107-1
lig_39110-1,-1.7200000000000002,0.01,39110-1
lig_39115-1,-7.04,0.01,39115-1
lig_39132-1,-2.67,0.01,39132-1
lig_39155-1,-2.16,0.01,39155-1
lig_39207-1,-5.69,0.01,39207-1
lig_39215-2,-2.69,0.01,39215-2
lig_39314-1,0.75,0.01,39314-1
lig_39325-1,-4.95,0.01,39325-1
lig_39326-1,-3.69,0.01,39326-1
lig_39328-3,-4.01,0.01,39328-3
lig_39351-1,2.9799999999999995,0.01,39351-1
lig_3951-1,-3.49,0.01,3951-1
lig_39541-1,1.2399999999999998,0.01,39541-1
lig_3955-1,-0.33,0.01,3955-1
lig_3956-1,-0.3,0.01,3956-1
lig_3957-2,-1.85,0.01,3957-2
lig_3957-3,-4.220000000000001,0.01,3957-3
lig_39580-1,-0.5,0.01,39580-1
lig_39644-1,-1.96,0.01,39644-1
lig_39657-1,-1.25,0.01,39657-1
lig_39709-1,0.6499999999999999,0.01,39709-1
lig_3971-1,-3.25,0.01,3971-1
lig_39714-1,-1.39,0.01,39714-1
lig_39714-2,-0.81,0.01,39714-2
lig_39716-3,0.9499999999999996,0.01,39716-3
lig_39735-1,-0.4600000000000002,0.01,39735-1
lig_39826-1,-1.36,0.01,39826-1
lig_39845-1,-4.52,0.01,39845-1
lig_39859-1,0.0099999999999997,0.01,39859-1
lig_3986-2,-1.4200000000000002,0.01,3986-2
lig_39873-3,-3.22,0.01,39873-3
lig_39933-2,1.1399999999999997,0.01,39933-2
lig_39933-3,-0.1800000000000001,0.01,39933-3
lig_39933-4,-0.7400000000000002,0.01,39933-4
lig_39967-1,-4.87,0.01,39967-1
lig_3998-1,3.93,0.01,3998-1
lig_40-1,0.3599999999999999,0.01,40-1
lig_4000-2,1.13,0.01,4000-2
lig_40002-2,-3.8,0.01,40002-2
lig_40002-3,-3.81,0.01,40002-3
lig_40019-3,-3.7,0.01,40019-3
lig_40019-4,-1.89,0.01,40019-4
lig_40037-1,-0.9000000000000001,0.01,40037-1
lig_40057-1,-2.49,0.01,40057-1
lig_40057-2,-2.95,0.01,40057-2
lig_40067-1,0.4499999999999997,0.01,40067-1
lig_40067-2,-0.02,0.01,40067-2
lig_40137-1,0.79,0.01,40137-1
lig_40163-1,-2.71,0.01,40163-1
lig_40163-2,-2.0900000000000003,0.01,40163-2
lig_40229-1,-1.79,0.01,40229-1
lig_40318-2,1.1999999999999995,0.01,40318-2
lig_4038-1,0.71,0.01,4038-1
lig_4038-4,-4.19,0.01,4038-4
lig_40386-1,0.4199999999999999,0.01,40386-1
lig_40386-2,1.63,0.01,40386-2
lig_40424-1,-2.41,0.01,40424-1
lig_40424-2,-2.49,0.01,40424-2
lig_40477-1,-1.2400000000000002,0.01,40477-1
lig_40477-2,0.0,0.01,40477-2
lig_40496-1,2.76,0.01,40496-1
lig_40505-1,-0.27,0.01,40505-1
lig_40523-1,-4.11,0.01,40523-1
lig_4060-1,-3.76,0.01,4060-1
lig_4060-2,-4.51,0.01,4060-2
lig_40642-1,-6.05,0.01,40642-1
lig_40696-1,-2.29,0.01,40696-1
lig_40785-1,2.79,0.01,40785-1
lig_40812-1,-1.92,0.01,40812-1
lig_40873-1,-0.26,0.01,40873-1
lig_40894-1,-7.21,0.01,40894-1
lig_40961-1,-2.24,0.01,40961-1
lig_41115-1,-2.9800000000000004,0.01,41115-1
lig_41118-2,-3.94,0.01,41118-2
lig_41138-1,-2.5700000000000003,0.01,41138-1
lig_41138-2,-3.12,0.01,41138-2
lig_41138-3,0.1099999999999998,0.01,41138-3
lig_41197-2,-1.6900000000000002,0.01,41197-2
lig_41240-1,-3.75,0.01,41240-1
lig_41240-2,1.6,0.01,41240-2
lig_41328-1,-2.74,0.01,41328-1
lig_41340-3,-0.1600000000000001,0.01,41340-3
lig_4152-1,0.1999999999999997,0.01,4152-1
lig_41520-1,-4.470000000000001,0.01,41520-1
lig_41520-2,-5.7,0.01,41520-2
lig_41520-4,-1.95,0.01,41520-4
lig_41789-1,-3.26,0.01,41789-1
lig_41789-2,-1.5100000000000002,0.01,41789-2
lig_41818-1,-2.19,0.01,41818-1
lig_41837-1,-2.19,0.01,41837-1
lig_41904-4,-2.43,0.01,41904-4
lig_41907-2,-2.04,0.01,41907-2
lig_41996-1,-3.1900000000000004,0.01,41996-1
lig_42001-1,-2.3000000000000003,0.01,42001-1
lig_42059-1,-2.08,0.01,42059-1
lig_42060-1,-4.94,0.01,42060-1
lig_42073-1,-3.43,0.01,42073-1
lig_4211-1,-3.1,0.01,4211-1
lig_4214-1,-5.15,0.01,4214-1
lig_42176-1,-3.25,0.01,42176-1
lig_42270-1,-1.34,0.01,42270-1
lig_42365-1,0.6299999999999999,0.01,42365-1
lig_42427-1,-3.34,0.01,42427-1
lig_42427-2,-1.4500000000000002,0.01,42427-2
lig_42546-2,-2.6,0.01,42546-2
lig_42638-1,-4.91,0.01,42638-1
lig_42838-1,-0.8500000000000001,0.01,42838-1
lig_42838-2,-5.96,0.01,42838-2
lig_42839-1,-0.1700000000000001,0.01,42839-1
lig_42985-1,-2.64,0.01,42985-1
lig_42989-2,-1.59,0.01,42989-2
lig_42989-3,-2.3200000000000003,0.01,42989-3
lig_42989-4,-3.27,0.01,42989-4
lig_42994-1,2.56,0.01,42994-1
lig_43007-1,-1.75,0.01,43007-1
lig_43036-2,-1.55,0.01,43036-2
lig_43038-1,-2.59,0.01,43038-1
lig_43046-2,-2.6100000000000003,0.01,43046-2
lig_43046-4,-1.78,0.01,43046-4
lig_43051-1,0.0099999999999997,0.01,43051-1
lig_43052-1,-0.7300000000000002,0.01,43052-1
lig_43057-1,-3.81,0.01,43057-1
lig_43063-1,-3.69,0.01,43063-1
lig_43094-1,3.18,0.01,43094-1
lig_43363-1,2.3,0.01,43363-1
lig_43406-2,-1.41,0.01,43406-2
lig_43411-1,-1.0500000000000005,0.01,43411-1
lig_43411-2,-0.5800000000000001,0.01,43411-2
lig_43433-1,-0.9000000000000001,0.01,43433-1
lig_43444-1,-0.8500000000000001,0.01,43444-1
lig_43520-1,1.34,0.01,43520-1
lig_43522-1,-1.39,0.01,43522-1
lig_4355-1,2.24,0.01,4355-1
lig_4357-1,-1.58,0.01,4357-1
lig_4362-1,-4.91,0.01,4362-1
lig_4362-2,-2.5500000000000003,0.01,4362-2
lig_4366-1,-3.0700000000000003,0.01,4366-1
lig_43675-1,-1.39,0.01,43675-1
lig_43699-1,-2.46,0.01,43699-1
lig_43699-2,-3.68,0.01,43699-2
lig_43699-3,-3.58,0.01,43699-3
lig_43699-4,-3.2300000000000004,0.01,43699-4
lig_4372-1,0.6399999999999997,0.01,4372-1
lig_43722-1,-3.49,0.01,43722-1
lig_4383-1,0.5,0.01,4383-1
lig_43922-1,-0.8700000000000001,0.01,43922-1
lig_43922-2,-0.9000000000000001,0.01,43922-2
lig_43944-2,-2.3600000000000003,0.01,43944-2
lig_44058-5,-2.22,0.01,44058-5
lig_4406-1,-2.14,0.01,4406-1
lig_4409-1,-1.87,0.01,4409-1
lig_44127-2,0.2399999999999997,0.01,44127-2
lig_44127-5,1.2599999999999998,0.01,44127-5
lig_44127-8,-1.6700000000000002,0.01,44127-8
lig_44191-1,-4.25,0.01,44191-1
lig_44223-3,-0.91,0.01,44223-3
lig_44498-1,-0.5900000000000001,0.01,44498-1
lig_44581-3,-2.6500000000000004,0.01,44581-3
lig_44721-1,-0.54,0.01,44721-1
lig_44721-2,1.35,0.01,44721-2
lig_44728-1,-3.73,0.01,44728-1
lig_44885-3,-4.17,0.01,44885-3
lig_4493-2,-1.1800000000000002,0.01,4493-2
lig_44941-1,-2.27,0.01,44941-1
lig_44991-1,2.59,0.01,44991-1
lig_44993-1,-2.33,0.01,44993-1
lig_45039-1,-2.59,0.01,45039-1
lig_45039-2,-2.21,0.01,45039-2
lig_4504-2,-3.61,0.01,4504-2
lig_45112-1,-4.9,0.01,45112-1
lig_4515-1,-2.47,0.01,4515-1
lig_4520-1,-2.0,0.01,4520-1
lig_45205-1,-2.41,0.01,45205-1
lig_45205-2,2.41,0.01,45205-2
lig_4528-1,1.1799999999999995,0.01,4528-1
lig_4531-1,0.56,0.01,4531-1
lig_4531-2,1.0299999999999998,0.01,4531-2
lig_4552-2,-3.69,0.01,4552-2
lig_459-1,-2.62,0.01,459-1
lig_4596-1,-3.42,0.01,4596-1
lig_46-1,-0.8,0.01,46-1
lig_462-1,-2.5,0.01,462-1
lig_4653-1,-6.17,0.01,4653-1
lig_4696-1,-4.03,0.01,4696-1
lig_4702-1,-3.84,0.01,4702-1
lig_4702-2,-1.19,0.01,4702-2
lig_4737-1,-2.7,0.01,4737-1
lig_4770-1,-2.27,0.01,4770-1
lig_4798-1,-7.27,0.01,4798-1
lig_4799-1,-2.44,0.01,4799-1
lig_4812-3,-1.23,0.01,4812-3
lig_4812-4,-1.16,0.01,4812-4
lig_4823-1,-2.96,0.01,4823-1
lig_4869-1,-2.26,0.01,4869-1
lig_4870-2,-2.6500000000000004,0.01,4870-2
lig_4881-1,-2.48,0.01,4881-1
lig_4892-1,-2.01,0.01,4892-1
lig_4908-1,-3.51,0.01,4908-1
lig_4911-1,-3.71,0.01,4911-1
lig_4948-1,-5.32,0.01,4948-1
lig_4948-2,-4.44,0.01,4948-2
lig_4950-1,-4.84,0.01,4950-1
lig_4954-2,-2.66,0.01,4954-2
lig_4962-1,0.7999999999999998,0.01,4962-1
lig_4962-2,-2.13,0.01,4962-2
lig_4962-4,-2.6100000000000003,0.01,4962-4
lig_4966-1,-4.12,0.01,4966-1
lig_5018-1,-2.81,0.01,5018-1
lig_5018-2,-1.79,0.01,5018-2
lig_5020-2,-1.19,0.01,5020-2
lig_5035-1,-5.140000000000001,0.01,5035-1
lig_5041-1,-0.53,0.01,5041-1
lig_5045-1,-1.53,0.01,5045-1
lig_5070-1,-2.62,0.01,5070-1
lig_5071-1,-2.42,0.01,5071-1
lig_5072-1,-2.76,0.01,5072-1
lig_5089-1,-4.13,0.01,5089-1
lig_5096-1,-2.3600000000000003,0.01,5096-1
lig_515-1,-2.76,0.01,515-1
lig_5174-1,-0.8800000000000001,0.01,5174-1
lig_5230-1,-0.6100000000000001,0.01,5230-1
lig_5335-1,-2.3600000000000003,0.01,5335-1
lig_5335-2,0.2199999999999997,0.01,5335-2
lig_5426-1,-4.07,0.01,5426-1
lig_5426-2,-1.39,0.01,5426-2
lig_5439-1,-0.8300000000000001,0.01,5439-1
lig_5439-2,1.5299999999999998,0.01,5439-2
lig_5492-1,-1.21,0.01,5492-1
lig_5495-1,-3.14,0.01,5495-1
lig_5518-1,-6.14,0.01,5518-1
lig_5518-3,-6.95,0.01,5518-3
lig_5518-4,-6.99,0.01,5518-4
lig_554-1,-3.55,0.01,554-1
lig_557-2,1.1399999999999997,0.01,557-2
lig_560-2,-0.6600000000000001,0.01,560-2
lig_5606-1,-0.2400000000000002,0.01,5606-1
lig_562-1,-4.48,0.01,562-1
lig_5634-1,-3.96,0.01,5634-1
lig_5643-1,-0.3600000000000001,0.01,5643-1
lig_5658-1,-3.58,0.01,5658-1
lig_5660-4,-3.77,0.01,5660-4
lig_5662-2,-0.8500000000000001,0.01,5662-2
lig_5663-1,-1.1800000000000002,0.01,5663-1
lig_5663-2,-0.2000000000000001,0.01,5663-2
lig_5663-3,1.7999999999999998,0.01,5663-3
lig_5663-4,0.6200000000000001,0.01,5663-4
lig_5667-1,-2.19,0.01,5667-1
lig_5667-2,-2.0,0.01,5667-2
lig_5667-3,-2.6100000000000003,0.01,5667-3
lig_5688-1,-5.09,0.01,5688-1
lig_5688-2,-1.08,0.01,5688-2
lig_5689-1,-2.6,0.01,5689-1
lig_5690-1,-3.86,0.01,5690-1
lig_5691-1,-3.7,0.01,5691-1
lig_5692-1,-3.99,0.01,5692-1
lig_5693-1,-3.5700000000000003,0.01,5693-1
lig_5694-1,-3.67,0.01,5694-1
lig_5697-1,-0.06,0.01,5697-1
lig_57-4,-1.78,0.01,57-4
lig_5700-1,-2.17,0.01,5700-1
lig_5701-1,-3.35,0.01,5701-1
lig_5713-1,-1.8,0.01,5713-1
lig_5724-1,-3.1,0.01,5724-1
lig_5732-1,-3.87,0.01,5732-1
lig_5737-1,-4.15,0.01,5737-1
lig_5737-2,-5.26,0.01,5737-2
lig_575-2,-0.04,0.01,575-2
lig_5769-1,-3.18,0.01,5769-1
lig_5776-1,-2.3200000000000003,0.01,5776-1
lig_5803-1,-4.0,0.01,5803-1
lig_5830-1,-4.0,0.01,5830-1
lig_5831-1,-2.1,0.01,5831-1
lig_5832-1,-3.41,0.01,5832-1
lig_5834-1,-5.63,0.01,5834-1
lig_5838-1,-2.01,0.01,5838-1
lig_587-2,-3.2300000000000004,0.01,587-2
lig_5877-1,-5.4,0.01,5877-1
lig_5886-1,-5.87,0.01,5886-1
lig_5896-1,-1.75,0.01,5896-1
lig_5918-1,-2.1,0.01,5918-1
lig_5956-1,-2.8600000000000003,0.01,5956-1
lig_5957-1,-4.61,0.01,5957-1
lig_5976-1,-0.2100000000000002,0.01,5976-1
lig_6017-1,-1.9,0.01,6017-1
lig_6017-2,-2.39,0.01,6017-2
lig_604-1,0.4199999999999999,0.01,604-1
lig_6094-1,3.82,0.01,6094-1
lig_62-1,-2.0,0.01,62-1
lig_6209-1,-1.15,0.01,6209-1
lig_6254-1,-0.8500000000000001,0.01,6254-1
lig_6273-1,-2.49,0.01,6273-1
lig_6276-1,-1.27,0.01,6276-1
lig_6281-1,-0.9000000000000001,0.01,6281-1
lig_629-2,1.0299999999999998,0.01,629-2
lig_6291-1,-2.74,0.01,6291-1
lig_630-2,-2.62,0.01,630-2
lig_652-1,-2.83,0.01,652-1
lig_657-1,-3.1900000000000004,0.01,657-1
lig_6585-1,-1.3000000000000005,0.01,6585-1
lig_659-1,-4.640000000000001,0.01,659-1
lig_6593-1,-1.7100000000000002,0.01,6593-1
lig_6596-2,-1.86,0.01,6596-2
lig_6603-3,-2.2,0.01,6603-3
lig_6603-4,-1.97,0.01,6603-4
lig_6634-1,3.64,0.01,6634-1
lig_6634-2,3.99,0.01,6634-2
lig_664-1,-3.76,0.01,664-1
lig_6654-3,-1.14,0.01,6654-3
lig_6654-4,-3.61,0.01,6654-4
lig_6669-1,-1.0,0.01,6669-1
lig_6669-2,-0.9000000000000001,0.01,6669-2
lig_669-1,-1.0100000000000002,0.01,669-1
lig_6704-1,2.62,0.01,6704-1
lig_6704-2,-1.75,0.01,6704-2
lig_6708-1,-1.77,0.01,6708-1
lig_6709-1,-3.8,0.01,6709-1
lig_6713-1,1.35,0.01,6713-1
lig_6717-1,2.02,0.01,6717-1
lig_6718-1,-0.8400000000000001,0.01,6718-1
lig_6730-1,-4.800000000000001,0.01,6730-1
lig_6751-1,-0.3600000000000001,0.01,6751-1
lig_6752-1,-2.95,0.01,6752-1
lig_6755-1,-1.75,0.01,6755-1
lig_6755-2,-3.68,0.01,6755-2
lig_6756-1,0.0399999999999998,0.01,6756-1
lig_6792-1,-1.88,0.01,6792-1
lig_6796-1,-1.62,0.01,6796-1
lig_6812-1,0.0399999999999998,0.01,6812-1
lig_6821-1,-1.76,0.01,6821-1
lig_6850-1,0.8700000000000001,0.01,6850-1
lig_692-1,-2.6500000000000004,0.01,692-1
lig_695-1,-0.06,0.01,695-1
lig_6964-1,-1.9,0.01,6964-1
lig_6971-1,-0.98,0.01,6971-1
lig_6981-2,0.48,0.01,6981-2
lig_6982-1,-0.4200000000000001,0.01,6982-1
lig_6983-1,-3.0,0.01,6983-1
lig_7014-1,-2.08,0.01,7014-1
lig_7047-1,0.3199999999999998,0.01,7047-1
lig_7047-2,1.27,0.01,7047-2
lig_7059-3,-2.45,0.01,7059-3
lig_7060-2,-0.3500000000000001,0.01,7060-2
lig_7064-1,-2.6500000000000004,0.01,7064-1
lig_707-1,-2.31,0.01,707-1
lig_708-1,-2.69,0.01,708-1
lig_7086-1,-3.69,0.01,7086-1
lig_7086-2,-4.04,0.01,7086-2
lig_7088-1,-4.18,0.01,7088-1
lig_7088-2,-2.56,0.01,7088-2
lig_71-1,-1.79,0.01,71-1
lig_711-1,-3.53,0.01,711-1
lig_7113-1,-3.68,0.01,7113-1
lig_7123-1,-2.67,0.01,7123-1
lig_7136-1,-4.3100000000000005,0.01,7136-1
lig_714-1,-3.0,0.01,714-1
lig_7142-1,-3.25,0.01,7142-1
lig_717-1,-2.6500000000000004,0.01,717-1
lig_7182-1,-1.0,0.01,7182-1
lig_719-1,-0.09,0.01,719-1
lig_7190-1,-2.81,0.01,7190-1
lig_7195-1,-0.01,0.01,7195-1
lig_7202-1,-2.71,0.01,7202-1
lig_7202-2,-6.42,0.01,7202-2
lig_7206-1,-1.79,0.01,7206-1
lig_7207-1,-3.37,0.01,7207-1
lig_7207-2,-0.9200000000000002,0.01,7207-2
lig_7233-1,-2.46,0.01,7233-1
lig_7264-1,-2.29,0.01,7264-1
lig_7271-1,1.04,0.01,7271-1
lig_7305-1,-0.4700000000000002,0.01,7305-1
lig_732-2,-0.77,0.01,732-2
lig_7322-1,-3.63,0.01,7322-1
lig_7328-1,-1.87,0.01,7328-1
lig_7346-4,3.58,0.01,7346-4
lig_7409-1,-0.4000000000000001,0.01,7409-1
lig_7465-2,-1.88,0.01,7465-2
lig_7472-1,0.1899999999999999,0.01,7472-1
lig_7472-2,1.2399999999999998,0.01,7472-2
lig_7472-3,-0.6500000000000001,0.01,7472-3
lig_7472-4,-0.7100000000000002,0.01,7472-4
lig_7496-1,-2.63,0.01,7496-1
lig_750-1,-0.53,0.01,750-1
lig_750-2,-3.1900000000000004,0.01,750-2
lig_7501-1,-0.3,0.01,7501-1
lig_7503-1,0.1299999999999999,0.01,7503-1
lig_7505-1,-1.09,0.01,7505-1
lig_7506-1,0.1999999999999997,0.01,7506-1
lig_7506-3,-3.1100000000000003,0.01,7506-3
lig_7506-4,-0.32,0.01,7506-4
lig_7507-1,2.09,0.01,7507-1
lig_7508-3,-1.29,0.01,7508-3
lig_7511-2,-2.47,0.01,7511-2
lig_7511-4,-1.7000000000000002,0.01,7511-4
lig_7513-1,-0.05,0.01,7513-1
lig_7516-1,-1.5100000000000002,0.01,7516-1
lig_753-1,-4.02,0.01,753-1
lig_753-2,-2.26,0.01,753-2
lig_7553-1,-0.8700000000000001,0.01,7553-1
lig_7568-1,0.8199999999999998,0.01,7568-1
lig_7569-1,-0.8800000000000001,0.01,7569-1
lig_7574-1,-0.54,0.01,7574-1
lig_7587-1,-1.21,0.01,7587-1
lig_7587-2,-4.21,0.01,7587-2
lig_7587-4,-0.9200000000000002,0.01,7587-4
lig_7591-1,1.52,0.01,7591-1
lig_7591-2,-0.5900000000000001,0.01,7591-2
lig_7591-4,2.6899999999999995,0.01,7591-4
lig_7596-1,-3.1900000000000004,0.01,7596-1
lig_7596-2,-0.6400000000000001,0.01,7596-2
lig_76-1,-1.65,0.01,76-1
lig_761-1,-3.65,0.01,761-1
lig_761-2,-4.0,0.01,761-2
lig_7616-1,-1.0,0.01,7616-1
lig_7622-2,0.7599999999999998,0.01,7622-2
lig_7677-1,-2.4000000000000004,0.01,7677-1
lig_771-1,-2.21,0.01,771-1
lig_774-1,-1.93,0.01,774-1
lig_7769-1,-1.86,0.01,7769-1
lig_7769-2,0.6999999999999997,0.01,7769-2
lig_777-1,-2.14,0.01,777-1
lig_7800-1,0.1099999999999998,0.01,7800-1
lig_7805-1,-2.54,0.01,7805-1
lig_7817-1,-1.8,0.01,7817-1
lig_784-1,-2.16,0.01,784-1
lig_795-1,-2.52,0.01,795-1
lig_798-3,-1.7000000000000002,0.01,798-3
lig_798-4,0.0699999999999998,0.01,798-4
lig_8-1,-4.5,0.01,8-1
lig_8027-1,0.1699999999999999,0.01,8027-1
lig_8034-1,-2.76,0.01,8034-1
lig_8035-1,-2.96,0.01,8035-1
lig_8036-3,-2.31,0.01,8036-3
lig_8037-1,-1.23,0.01,8037-1
lig_8040-1,-0.95,0.01,8040-1
lig_8045-1,-1.4500000000000002,0.01,8045-1
lig_8048-1,-4.48,0.01,8048-1
lig_8048-2,-2.81,0.01,8048-2
lig_8058-1,-0.6400000000000001,0.01,8058-1
lig_8077-1,-1.73,0.01,8077-1
lig_82-1,-0.1,0.01,82-1
lig_8216-1,3.12,0.01,8216-1
lig_824-1,-3.69,0.01,824-1
lig_826-1,-4.67,0.01,826-1
lig_8309-1,-1.5100000000000002,0.01,8309-1
lig_832-1,-3.09,0.01,832-1
lig_836-1,-3.54,0.01,836-1
lig_841-1,-3.14,0.01,841-1
lig_8538-1,-0.4500000000000002,0.01,8538-1
lig_862-1,-2.88,0.01,862-1
lig_8663-2,-3.38,0.01,8663-2
lig_87-1,-1.73,0.01,87-1
lig_8711-1,-4.52,0.01,8711-1
lig_8802-1,-1.2000000000000002,0.01,8802-1
lig_8817-1,-3.3600000000000003,0.01,8817-1
lig_8817-2,-2.49,0.01,8817-2
lig_8823-1,-1.8,0.01,8823-1
lig_8824-1,-3.17,0.01,8824-1
lig_8826-1,0.3700000000000001,0.01,8826-1
lig_8827-1,-1.83,0.01,8827-1
lig_8838-1,-2.77,0.01,8838-1
lig_8839-1,-3.72,0.01,8839-1
lig_8840-1,-3.02,0.01,8840-1
lig_8841-1,-2.1,0.01,8841-1
lig_8842-1,-2.23,0.01,8842-1
lig_8899-1,-5.26,0.01,8899-1
lig_8924-1,-5.15,0.01,8924-1
lig_8924-2,-4.890000000000001,0.01,8924-2
lig_8924-3,-4.93,0.01,8924-3
lig_8934-1,-0.1900000000000001,0.01,8934-1
lig_9038-1,-1.99,0.01,9038-1
lig_9083-1,-3.89,0.01,9083-1
lig_9120-1,-3.66,0.01,9120-1
lig_9194-1,-0.04,0.01,9194-1
lig_9262-1,-1.52,0.01,9262-1
lig_9270-1,-3.49,0.01,9270-1
lig_9274-1,0.6000000000000001,0.01,9274-1
lig_9274-2,-0.1,0.01,9274-2
lig_9289-1,0.8199999999999998,0.01,9289-1
lig_93-1,-2.18,0.01,93-1
lig_9303-1,-1.31,0.01,9303-1
lig_9311-1,-2.47,0.01,9311-1
lig_9314-1,2.06,0.01,9314-1
lig_9316-1,1.62,0.01,9316-1
lig_9320-1,-3.37,0.01,9320-1
lig_9337-1,-1.2600000000000002,0.01,9337-1
lig_9347-1,-0.97,0.01,9347-1
lig_9417-1,-3.16,0.01,9417-1
lig_9417-2,-0.8500000000000001,0.01,9417-2
lig_9445-1,-0.52,0.01,9445-1
lig_9505-4,-2.92,0.01,9505-4
lig_9526-1,1.6799999999999995,0.01,9526-1
lig_9590-2,1.06,0.01,9590-2
lig_9711-1,1.1999999999999995,0.01,9711-1
lig_9751-1,-3.38,0.01,9751-1
lig_9790-1,-4.92,0.01,9790-1
lig_9792-2,-0.27,0.01,9792-2
lig_9792-3,0.56,0.01,9792-3
lig_9812-1,-4.63,0.01,9812-1
lig_9923-1,-3.12,0.01,9923-1
lig_9953-1,-4.970000000000001,0.01,9953-1
