ligand_i	ligand_j	DDG(i->j) (kcal/mol)	uncertainty (kcal/mol)
lig_4-99	lig_1-1	-2.02	0.01
lig_4-99	lig_10046-1	-4.5	0.01
lig_4-99	lig_10084-1	-3.9300000000000033	0.01
lig_4-99	lig_10092-6	-0.370000000000001	0.01
lig_4-99	lig_10092-8	0.6699999999999999	0.01
lig_4-99	lig_10106-2	-2.3500000000000005	0.01
lig_4-99	lig_10106-3	0.4199999999999999	0.01
lig_4-99	lig_10106-8	-5.539999999999999	0.01
lig_4-99	lig_10117-1	-5.75	0.01
lig_4-99	lig_10134-1	-1.2100000000000009	0.01
lig_4-99	lig_10134-2	-0.7899999999999991	0.01
lig_4-99	lig_10139-1	-2.640000000000001	0.01
lig_4-99	lig_10186-2	-1.23	0.01
lig_4-99	lig_10202-1	-3.4	0.01
lig_4-99	lig_10202-2	-3.85	0.01
lig_4-99	lig_10204-1	-3.28	0.01
lig_4-99	lig_10205-1	-2.18	0.01
lig_4-99	lig_10205-2	-1.2599999999999998	0.01
lig_4-99	lig_10213-1	-2.43	0.01
lig_4-99	lig_10253-1	-2.210000000000001	0.01
lig_4-99	lig_10275-12	-0.0899999999999998	0.01
lig_4-99	lig_10275-13	3.3600000000000003	0.01
lig_4-99	lig_10275-16	-0.3900000000000005	0.01
lig_4-99	lig_10275-2	-0.5300000000000011	0.01
lig_4-99	lig_10275-4	2.5200000000000014	0.01
lig_4-99	lig_10275-5	0.9900000000000002	0.01
lig_4-99	lig_10275-8	-2.38	0.01
lig_4-99	lig_10275-9	-0.7200000000000006	0.01
lig_4-99	lig_10316-1	0.4499999999999993	0.01
lig_4-99	lig_10358-1	-5.51	0.01
lig_4-99	lig_10387-1	-6.27	0.01
lig_4-99	lig_10387-2	-4.940000000000001	0.01
lig_4-99	lig_10388-1	-1.8200000000000005	0.01
lig_4-99	lig_1040-1	-4.58	0.01
lig_4-99	lig_10499-1	-2.3099999999999987	0.01
lig_4-99	lig_10511-1	-0.5300000000000011	0.01
lig_4-99	lig_10543-2	-0.759999999999998	0.01
lig_4-99	lig_10591-1	-3.9200000000000017	0.01
lig_4-99	lig_10595-1	0.8300000000000001	0.01
lig_4-99	lig_10597-1	-5.699999999999999	0.01
lig_4-99	lig_10599-1	-4.54	0.01
lig_4-99	lig_10599-2	-3.1599999999999997	0.01
lig_4-99	lig_106-1	0.4199999999999946	0.01
lig_4-99	lig_10675-1	-2.66	0.01
lig_4-99	lig_10677-1	-0.8699999999999974	0.01
lig_4-99	lig_10703-1	0.8200000000000074	0.01
lig_4-99	lig_10715-1	-0.9399999999999996	0.01
lig_4-99	lig_10720-1	-0.639999999999997	0.01
lig_4-99	lig_10720-2	3.47	0.01
lig_4-99	lig_10748-1	-2.299999999999997	0.01
lig_4-99	lig_10756-1	-4.34	0.01
lig_4-99	lig_10756-2	-4.390000000000001	0.01
lig_4-99	lig_10758-1	-4.42	0.01
lig_4-99	lig_10774-1	-5.97	0.01
lig_4-99	lig_10774-2	-3.69	0.01
lig_4-99	lig_10775-1	-2.4700000000000006	0.01
lig_4-99	lig_10775-2	-4.009999999999999	0.01
lig_4-99	lig_10776-1	-6.589999999999999	0.01
lig_4-99	lig_10776-3	-6.880000000000001	0.01
lig_4-99	lig_10776-4	-7.0600000000000005	0.01
lig_4-99	lig_10778-1	-2.8099999999999987	0.01
lig_4-99	lig_10778-2	-0.7299999999999986	0.01
lig_4-99	lig_10780-1	-2.7700000000000014	0.01
lig_4-99	lig_10823-1	-0.9900000000000002	0.01
lig_4-99	lig_10823-2	-0.81	0.01
lig_4-99	lig_10834-1	-4.83	0.01
lig_4-99	lig_10842-1	-2.4800000000000004	0.01
lig_4-99	lig_10844-1	-2.49	0.01
lig_4-99	lig_10845-1	-2.88	0.01
lig_4-99	lig_10855-1	0.6000000000000001	0.01
lig_4-99	lig_10874-1	5.0600000000000005	0.01
lig_4-99	lig_10895-2	-1.57	0.01
lig_4-99	lig_10908-1	-2.8600000000000003	0.01
lig_4-99	lig_10908-2	-4.21	0.01
lig_4-99	lig_10909-1	-3.31	0.01
lig_4-99	lig_10909-2	-3.5	0.01
lig_4-99	lig_10910-2	-4.119999999999999	0.01
lig_4-99	lig_10912-1	-2.47	0.01
lig_4-99	lig_10913-1	-4.130000000000001	0.01
lig_4-99	lig_10913-2	-1.1700000000000002	0.01
lig_4-99	lig_10936-1	-0.8300000000000001	0.01
lig_4-99	lig_10940-1	-3.62	0.01
lig_4-99	lig_10942-2	-1.7499999999999991	0.01
lig_4-99	lig_10955-1	-2.1999999999999997	0.01
lig_4-99	lig_10958-2	-1.6500000000000004	0.01
lig_4-99	lig_10964-1	-3.58	0.01
lig_4-99	lig_10967-1	-1.9300000000000013	0.01
lig_4-99	lig_10972-1	-2.85	0.01
lig_4-99	lig_10982-1	-0.8400000000000003	0.01
lig_4-99	lig_10985-2	-1.0700000000000005	0.01
lig_4-99	lig_10985-3	-2.0699999999999994	0.01
lig_4-99	lig_10985-4	-0.52	0.01
lig_4-99	lig_10988-1	-3.39	0.01
lig_4-99	lig_10992-1	-3.4399999999999977	0.01
lig_4-99	lig_10997-1	0.1599999999999966	0.01
lig_4-99	lig_10999-1	-3.49	0.01
lig_4-99	lig_11-1	-0.769999999999996	0.01
lig_4-99	lig_11002-1	-1.75	0.01
lig_4-99	lig_11005-1	-1.2	0.01
lig_4-99	lig_11008-1	-2.5500000000000043	0.01
lig_4-99	lig_11009-1	-2.51	0.01
lig_4-99	lig_11012-1	-2.7600000000000016	0.01
lig_4-99	lig_11015-1	-3.66	0.01
lig_4-99	lig_11016-2	0.3000000000000007	0.01
lig_4-99	lig_11026-1	-0.7300000000000004	0.01
lig_4-99	lig_11047-3	-3.3999999999999986	0.01
lig_4-99	lig_11048-1	-3.0500000000000007	0.01
lig_4-99	lig_11054-1	-2.99	0.01
lig_4-99	lig_11056-1	-1.41	0.01
lig_4-99	lig_11057-1	-4.650000000000002	0.01
lig_4-99	lig_11063-1	-4.31	0.01
lig_4-99	lig_11063-2	-5.52	0.01
lig_4-99	lig_11075-2	-3.530000000000001	0.01
lig_4-99	lig_11111-1	-3.86	0.01
lig_4-99	lig_11114-1	0.4000000000000057	0.01
lig_4-99	lig_11137-1	2.799999999999997	0.01
lig_4-99	lig_1115-1	-3.5599999999999987	0.01
lig_4-99	lig_1116-1	-0.71	0.01
lig_4-99	lig_1117-1	-3.43	0.01
lig_4-99	lig_1119-1	-2.91	0.01
lig_4-99	lig_11192-1	-4.0200000000000005	0.01
lig_4-99	lig_11210-1	0.0100000000000051	0.01
lig_4-99	lig_11211-1	2.4099999999999966	0.01
lig_4-99	lig_11221-1	-1.459999999999999	0.01
lig_4-99	lig_11222-1	-1.900000000000002	0.01
lig_4-99	lig_11223-1	-5.319999999999999	0.01
lig_4-99	lig_11224-1	-2.8100000000000005	0.01
lig_4-99	lig_11262-1	-6.85	0.01
lig_4-99	lig_11262-4	-4.09	0.01
lig_4-99	lig_11278-1	-1.14	0.01
lig_4-99	lig_11278-2	-5.19	0.01
lig_4-99	lig_11278-3	-3.1700000000000004	0.01
lig_4-99	lig_11278-4	-2.1	0.01
lig_4-99	lig_11299-1	-3.1000000000000005	0.01
lig_4-99	lig_1138-2	1.2300000000000004	0.01
lig_4-99	lig_11385-2	-3.98	0.01
lig_4-99	lig_11396-1	-3.85	0.01
lig_4-99	lig_1140-1	-1.91	0.01
lig_4-99	lig_1140-2	-0.08	0.01
lig_4-99	lig_11402-1	-2.8500000000000014	0.01
lig_4-99	lig_11406-1	-0.2400000000000091	0.01
lig_4-99	lig_11409-1	-1.41	0.01
lig_4-99	lig_1141-1	-2.8000000000000003	0.01
lig_4-99	lig_11412-1	-1.6499999999999986	0.01
lig_4-99	lig_11500-1	-2.5	0.01
lig_4-99	lig_11510-1	-0.6700000000000017	0.01
lig_4-99	lig_11585-1	-0.62	0.01
lig_4-99	lig_11586-1	-3.58	0.01
lig_4-99	lig_11597-1	-2.91	0.01
lig_4-99	lig_11600-1	-0.1899999999999995	0.01
lig_4-99	lig_11608-1	-1.3500000000000014	0.01
lig_4-99	lig_11627-1	-4.669999999999995	0.01
lig_4-99	lig_11627-2	-3.8100000000000014	0.01
lig_4-99	lig_11653-1	-1.59	0.01
lig_4-99	lig_11682-1	-1.8200000000000005	0.01
lig_4-99	lig_117-1	-0.58	0.01
lig_4-99	lig_11861-1	-2.620000000000001	0.01
lig_4-99	lig_11921-7	-2.1500000000000004	0.01
lig_4-99	lig_11935-1	-1.17	0.01
lig_4-99	lig_11936-2	-5.710000000000001	0.01
lig_4-99	lig_11936-3	-3.9499999999999993	0.01
lig_4-99	lig_11937-1	-5.68	0.01
lig_4-99	lig_11938-1	-3.5100000000000016	0.01
lig_4-99	lig_11942-1	-0.8499999999999996	0.01
lig_4-99	lig_11947-1	-1.6500000000000004	0.01
lig_4-99	lig_11948-1	-1.98	0.01
lig_4-99	lig_11948-4	-1.7300000000000004	0.01
lig_4-99	lig_11952-1	-2.89	0.01
lig_4-99	lig_120-1	-4.23	0.01
lig_4-99	lig_1207-1	-3.1	0.01
lig_4-99	lig_12253-1	-2.300000000000012	0.01
lig_4-99	lig_12256-1	-0.9199999999999946	0.01
lig_4-99	lig_1226-1	-1.2199999999999998	0.01
lig_4-99	lig_1226-2	-0.4699999999999997	0.01
lig_4-99	lig_12355-1	-1.9799999999999995	0.01
lig_4-99	lig_124-1	-3.850000000000005	0.01
lig_4-99	lig_124-2	-1.8999999999999984	0.01
lig_4-99	lig_12491-1	0.0600000000000022	0.01
lig_4-99	lig_12647-1	0.0599999999999996	0.01
lig_4-99	lig_12649-1	-1.8599999999999997	0.01
lig_4-99	lig_12650-1	-3.0599999999999987	0.01
lig_4-99	lig_12652-1	-2.530000000000001	0.01
lig_4-99	lig_12653-1	-1.990000000000001	0.01
lig_4-99	lig_12656-1	-3.34	0.01
lig_4-99	lig_12661-1	-3.68	0.01
lig_4-99	lig_127-1	-2.55	0.01
lig_4-99	lig_12886-1	-2.84	0.01
lig_4-99	lig_12886-2	-1.2900000000000005	0.01
lig_4-99	lig_12888-1	-0.5500000000000007	0.01
lig_4-99	lig_12899-1	-0.2000000000000028	0.01
lig_4-99	lig_12906-1	-2.56	0.01
lig_4-99	lig_1295-3	0.3999999999999986	0.01
lig_4-99	lig_1295-4	0.3800000000000025	0.01
lig_4-99	lig_12987-1	-0.04	0.01
lig_4-99	lig_12987-2	-1.1999999999999995	0.01
lig_4-99	lig_13002-1	-2.390000000000001	0.01
lig_4-99	lig_13043-1	-5.8	0.01
lig_4-99	lig_13061-1	2.0600000000000023	0.01
lig_4-99	lig_13114-1	-3.61	0.01
lig_4-99	lig_13177-1	-0.9299999999999996	0.01
lig_4-99	lig_13226-1	-2.4800000000000004	0.01
lig_4-99	lig_13248-1	-0.8000000000000043	0.01
lig_4-99	lig_13434-1	-2.2299999999999995	0.01
lig_4-99	lig_13435-1	-1.4399999999999995	0.01
lig_4-99	lig_13437-1	-1.53	0.01
lig_4-99	lig_13449-1	-1.63	0.01
lig_4-99	lig_13449-2	-0.4100000000000001	0.01
lig_4-99	lig_13451-2	-1.6899999999999995	0.01
lig_4-99	lig_1346-2	1.0499999999999972	0.01
lig_4-99	lig_1349-1	-1.2299999999999969	0.01
lig_4-99	lig_13518-1	4.579999999999998	0.01
lig_4-99	lig_13563-1	-0.2899999999999991	0.01
lig_4-99	lig_1358-1	-0.8200000000000003	0.01
lig_4-99	lig_13581-1	0.1599999999999966	0.01
lig_4-99	lig_13581-2	-1.5799999999999983	0.01
lig_4-99	lig_13581-3	-2.520000000000003	0.01
lig_4-99	lig_13581-4	0.1500000000000021	0.01
lig_4-99	lig_1359-1	-4.52	0.01
lig_4-99	lig_1359-3	-1.1799999999999995	0.01
lig_4-99	lig_1359-4	-2.46	0.01
lig_4-99	lig_1360-1	-0.5900000000000007	0.01
lig_4-99	lig_13624-1	-2.8500000000000014	0.01
lig_4-99	lig_1366-1	-1.9700000000000024	0.01
lig_4-99	lig_1369-1	-0.61	0.01
lig_4-99	lig_1373-1	-6.34	0.01
lig_4-99	lig_1379-1	-2.3099999999999987	0.01
lig_4-99	lig_13888-4	-5.35	0.01
lig_4-99	lig_13895-1	-2.97	0.01
lig_4-99	lig_13903-1	-3.7099999999999937	0.01
lig_4-99	lig_1391-1	-2.72	0.01
lig_4-99	lig_1392-1	-3.430000000000007	0.01
lig_4-99	lig_14046-1	-2.390000000000001	0.01
lig_4-99	lig_1417-1	-3.93	0.01
lig_4-99	lig_14184-1	-1.4899999999999949	0.01
lig_4-99	lig_1422-1	-1.91	0.01
lig_4-99	lig_14236-1	-2.120000000000001	0.01
lig_4-99	lig_14241-2	-2.719999999999999	0.01
lig_4-99	lig_1427-2	-5.26	0.01
lig_4-99	lig_14272-1	-2.7700000000000005	0.01
lig_4-99	lig_14284-1	-3.56	0.01
lig_4-99	lig_14291-1	-4.32	0.01
lig_4-99	lig_14293-1	1.5700000000000005	0.01
lig_4-99	lig_1431-3	-2.880000000000001	0.01
lig_4-99	lig_1431-4	-3.810000000000001	0.01
lig_4-99	lig_1433-1	-2.7	0.01
lig_4-99	lig_1435-1	-2.93	0.01
lig_4-99	lig_1436-1	-1.39	0.01
lig_4-99	lig_14367-1	-2.29	0.01
lig_4-99	lig_14370-1	-2.4400000000000004	0.01
lig_4-99	lig_14455-1	-2.5400000000000027	0.01
lig_4-99	lig_14458-1	-6.859999999999999	0.01
lig_4-99	lig_14477-1	-2.3399999999999994	0.01
lig_4-99	lig_1448-1	-2.0600000000000023	0.01
lig_4-99	lig_14492-1	-2.81	0.01
lig_4-99	lig_14521-1	-0.629999999999999	0.01
lig_4-99	lig_146-1	-3.33	0.01
lig_4-99	lig_1462-1	-1.4400000000000048	0.01
lig_4-99	lig_1464-1	1.490000000000009	0.01
lig_4-99	lig_14755-1	0.0200000000000031	0.01
lig_4-99	lig_14787-1	-0.5199999999999996	0.01
lig_4-99	lig_14791-1	-0.3299999999999983	0.01
lig_4-99	lig_14816-1	0.8500000000000014	0.01
lig_4-99	lig_14894-1	-3.549999999999997	0.01
lig_4-99	lig_14894-2	-2.910000000000004	0.01
lig_4-99	lig_14894-3	-3.210000000000001	0.01
lig_4-99	lig_1490-1	-0.92	0.01
lig_4-99	lig_1490-2	-0.6099999999999994	0.01
lig_4-99	lig_14919-1	-2.5400000000000063	0.01
lig_4-99	lig_14921-1	-2.520000000000003	0.01
lig_4-99	lig_14929-1	-0.1500000000000056	0.01
lig_4-99	lig_15012-1	-1.0300000000000011	0.01
lig_4-99	lig_15022-1	-1.0200000000000014	0.01
lig_4-99	lig_15050-1	0.5600000000000023	0.01
lig_4-99	lig_15083-1	2.719999999999999	0.01
lig_4-99	lig_15094-1	-6.390000000000001	0.01
lig_4-99	lig_15105-1	0.4200000000000017	0.01
lig_4-99	lig_15107-1	1.4799999999999969	0.01
lig_4-99	lig_15107-2	-1.980000000000004	0.01
lig_4-99	lig_15242-1	1.6800000000000068	0.01
lig_4-99	lig_15270-2	0.3799999999999999	0.01
lig_4-99	lig_15272-1	3.879999999999996	0.01
lig_4-99	lig_15276-1	-2.120000000000001	0.01
lig_4-99	lig_15336-1	0.1700000000000017	0.01
lig_4-99	lig_1534-1	-2.330000000000002	0.01
lig_4-99	lig_15348-1	-3.0	0.01
lig_4-99	lig_15349-1	-3.3999999999999995	0.01
lig_4-99	lig_1536-1	-0.48	0.01
lig_4-99	lig_1538-1	-0.2299999999999968	0.01
lig_4-99	lig_15577-1	-4.17	0.01
lig_4-99	lig_15577-2	-2.370000000000001	0.01
lig_4-99	lig_15577-3	-3.3599999999999994	0.01
lig_4-99	lig_1563-1	-2.980000000000004	0.01
lig_4-99	lig_15646-1	-2.489999999999995	0.01
lig_4-99	lig_15657-1	-3.469999999999999	0.01
lig_4-99	lig_15661-1	-2.6	0.01
lig_4-99	lig_15685-1	-3.490000000000009	0.01
lig_4-99	lig_1571-1	-2.8100000000000005	0.01
lig_4-99	lig_15710-1	-5.119999999999997	0.01
lig_4-99	lig_158-1	-1.4499999999999995	0.01
lig_4-99	lig_1583-1	-1.4200000000000017	0.01
lig_4-99	lig_15853-1	-2.0	0.01
lig_4-99	lig_15887-2	-0.4799999999999969	0.01
lig_4-99	lig_15916-1	-0.490000000000002	0.01
lig_4-99	lig_15968-1	-3.629999999999999	0.01
lig_4-99	lig_15993-1	-0.8599999999999994	0.01
lig_4-99	lig_16031-1	1.1999999999999993	0.01
lig_4-99	lig_16031-2	-1.75	0.01
lig_4-99	lig_16058-1	-4.449999999999996	0.01
lig_4-99	lig_16146-1	-2.09	0.01
lig_4-99	lig_16152-1	-3.9200000000000017	0.01
lig_4-99	lig_16152-2	-3.98	0.01
lig_4-99	lig_16154-2	-2.219999999999999	0.01
lig_4-99	lig_16160-3	-3.039999999999999	0.01
lig_4-99	lig_16160-4	-3.650000000000002	0.01
lig_4-99	lig_16161-1	-2.710000000000001	0.01
lig_4-99	lig_16161-2	-0.1900000000000012	0.01
lig_4-99	lig_16161-3	-2.039999999999999	0.01
lig_4-99	lig_16161-4	-2.7300000000000004	0.01
lig_4-99	lig_16171-1	-3.390000000000001	0.01
lig_4-99	lig_16172-1	-2.1999999999999997	0.01
lig_4-99	lig_16172-2	-4.32	0.01
lig_4-99	lig_16172-3	-3.039999999999999	0.01
lig_4-99	lig_16172-4	-2.5700000000000003	0.01
lig_4-99	lig_16174-1	-5.580000000000002	0.01
lig_4-99	lig_16175-1	-2.6700000000000017	0.01
lig_4-99	lig_16175-2	-2.799999999999999	0.01
lig_4-99	lig_16185-1	-2.370000000000001	0.01
lig_4-99	lig_16185-2	-4.710000000000001	0.01
lig_4-99	lig_16189-1	-2.4499999999999997	0.01
lig_4-99	lig_16189-2	-0.1099999999999994	0.01
lig_4-99	lig_16190-1	-1.3500000000000014	0.01
lig_4-99	lig_16194-1	-1.8200000000000005	0.01
lig_4-99	lig_16194-2	-0.7800000000000011	0.01
lig_4-99	lig_16222-1	-3.16	0.01
lig_4-99	lig_16226-1	-2.75	0.01
lig_4-99	lig_16249-2	-2.48	0.01
lig_4-99	lig_16249-3	-4.96	0.01
lig_4-99	lig_16250-1	-0.2100000000000008	0.01
lig_4-99	lig_16250-2	-2.4499999999999997	0.01
lig_4-99	lig_16250-3	-2.47	0.01
lig_4-99	lig_16250-4	-2.4400000000000004	0.01
lig_4-99	lig_16251-1	-1.62	0.01
lig_4-99	lig_16317-2	-3.75	0.01
lig_4-99	lig_16360-1	-4.610000000000001	0.01
lig_4-99	lig_16374-1	-0.7200000000000006	0.01
lig_4-99	lig_16378-1	0.5400000000000009	0.01
lig_4-99	lig_16378-2	-2.210000000000001	0.01
lig_4-99	lig_16388-1	-2.9700000000000024	0.01
lig_4-99	lig_16390-1	-1.8500000000000012	0.01
lig_4-99	lig_16392-1	-2.610000000000003	0.01
lig_4-99	lig_16392-2	-2.9700000000000024	0.01
lig_4-99	lig_16395-1	-0.490000000000002	0.01
lig_4-99	lig_16396-1	-3.899999999999999	0.01
lig_4-99	lig_16407-1	-2.1500000000000004	0.01
lig_4-99	lig_16422-1	2.1499999999999986	0.01
lig_4-99	lig_16428-1	-0.4400000000000013	0.01
lig_4-99	lig_16428-2	-0.9299999999999996	0.01
lig_4-99	lig_16457-1	-2.390000000000001	0.01
lig_4-99	lig_16459-1	-2.009999999999998	0.01
lig_4-99	lig_16461-2	1.7699999999999996	0.01
lig_4-99	lig_16483-1	-3.140000000000001	0.01
lig_4-99	lig_16506-1	-3.2300000000000004	0.01
lig_4-99	lig_16530-1	0.8000000000000043	0.01
lig_4-99	lig_16604-1	-2.3200000000000003	0.01
lig_4-99	lig_16738-1	-2.919999999999998	0.01
lig_4-99	lig_16778-1	-1.7799999999999976	0.01
lig_4-99	lig_16778-2	-4.9	0.01
lig_4-99	lig_16781-1	-0.8900000000000006	0.01
lig_4-99	lig_16781-2	-2.23	0.01
lig_4-99	lig_16781-3	-2.4399999999999995	0.01
lig_4-99	lig_16787-1	-0.4399999999999995	0.01
lig_4-99	lig_16787-2	-1.1399999999999988	0.01
lig_4-99	lig_16813-2	-2.330000000000002	0.01
lig_4-99	lig_16826-1	1.6099999999999994	0.01
lig_4-99	lig_16849-1	0.8599999999999994	0.01
lig_4-99	lig_16937-1	-2.0699999999999994	0.01
lig_4-99	lig_16955-1	-1.3800000000000003	0.01
lig_4-99	lig_1701-1	-3.890000000000001	0.01
lig_4-99	lig_1710-1	-5.859999999999999	0.01
lig_4-99	lig_17157-2	-2.79	0.01
lig_4-99	lig_17157-3	-4.41	0.01
lig_4-99	lig_17157-4	-3.92	0.01
lig_4-99	lig_17196-1	-0.5100000000000051	0.01
lig_4-99	lig_172-1	-2.5700000000000003	0.01
lig_4-99	lig_172-2	-3.1099999999999994	0.01
lig_4-99	lig_17220-1	-2.6499999999999986	0.01
lig_4-99	lig_17365-1	-2.370000000000001	0.01
lig_4-99	lig_17443-1	-2.3999999999999986	0.01
lig_4-99	lig_17446-1	-0.6099999999999999	0.01
lig_4-99	lig_17532-1	-1.5600000000000025	0.01
lig_4-99	lig_17645-1	-2.0	0.01
lig_4-99	lig_17692-1	-1.26	0.01
lig_4-99	lig_17698-1	-0.8000000000000007	0.01
lig_4-99	lig_17698-2	-2.5799999999999983	0.01
lig_4-99	lig_17731-2	-0.9099999999999966	0.01
lig_4-99	lig_17731-3	1.740000000000002	0.01
lig_4-99	lig_17771-1	-1.9099999999999968	0.01
lig_4-99	lig_17782-1	-2.710000000000001	0.01
lig_4-99	lig_17782-2	0.009999999999998	0.01
lig_4-99	lig_178-1	-0.6199999999999903	0.01
lig_4-99	lig_17816-1	-3.629999999999996	0.01
lig_4-99	lig_17826-1	0.3199999999999932	0.01
lig_4-99	lig_17915-1	-0.8499999999999996	0.01
lig_4-99	lig_17967-1	-0.7900000000000009	0.01
lig_4-99	lig_18138-1	-3.5600000000000023	0.01
lig_4-99	lig_18148-1	0.0500000000000002	0.01
lig_4-99	lig_18149-1	-1.75	0.01
lig_4-99	lig_18304-1	-4.949999999999999	0.01
lig_4-99	lig_18309-1	-1.41	0.01
lig_4-99	lig_18312-1	-2.3000000000000007	0.01
lig_4-99	lig_18315-1	-3.3500000000000005	0.01
lig_4-99	lig_18317-2	-3.75	0.01
lig_4-99	lig_18317-3	-1.8199999999999996	0.01
lig_4-99	lig_18317-4	-4.000000000000001	0.01
lig_4-99	lig_18322-1	-3.619999999999999	0.01
lig_4-99	lig_1842-1	-3.88	0.01
lig_4-99	lig_18506-2	-3.49	0.01
lig_4-99	lig_18506-3	0.7599999999999998	0.01
lig_4-99	lig_18506-4	-5.11	0.01
lig_4-99	lig_18507-1	-3.74	0.01
lig_4-99	lig_18507-2	-2.43	0.01
lig_4-99	lig_1854-1	-0.2899999999999991	0.01
lig_4-99	lig_18584-1	-1.1199999999999903	0.01
lig_4-99	lig_18596-1	-1.8300000000000016	0.01
lig_4-99	lig_1874-1	-3.25	0.01
lig_4-99	lig_1878-2	0.7899999999999991	0.01
lig_4-99	lig_18781-1	-3.0200000000000005	0.01
lig_4-99	lig_1887-2	0.269999999999996	0.01
lig_4-99	lig_18895-2	-0.0300000000000011	0.01
lig_4-99	lig_18906-1	0.1799999999999997	0.01
lig_4-99	lig_18906-2	-0.4400000000000004	0.01
lig_4-99	lig_18909-2	-3.120000000000001	0.01
lig_4-99	lig_18926-1	2.3500000000000014	0.01
lig_4-99	lig_18926-2	-1.1899999999999975	0.01
lig_4-99	lig_18928-1	0.1600000000000108	0.01
lig_4-99	lig_1896-1	-0.8899999999999988	0.01
lig_4-99	lig_18975-1	1.6099999999999994	0.01
lig_4-99	lig_1901-1	-1.7699999999999996	0.01
lig_4-99	lig_19100-1	-3.330000000000002	0.01
lig_4-99	lig_19108-1	-2.259999999999998	0.01
lig_4-99	lig_1912-1	0.4599999999999795	0.01
lig_4-99	lig_19159-1	2.779999999999994	0.01
lig_4-99	lig_19160-1	-0.259999999999998	0.01
lig_4-99	lig_19163-3	0.7100000000000009	0.01
lig_4-99	lig_19164-2	2.460000000000001	0.01
lig_4-99	lig_19167-1	-3.2200000000000024	0.01
lig_4-99	lig_19167-2	-2.8200000000000003	0.01
lig_4-99	lig_19189-1	-1.1899999999999975	0.01
lig_4-99	lig_19198-1	0.0600000000000022	0.01
lig_4-99	lig_19209-1	-3.3500000000000014	0.01
lig_4-99	lig_19242-1	-1.68	0.01
lig_4-99	lig_19265-2	0.0300000000000011	0.01
lig_4-99	lig_19266-1	-3.84	0.01
lig_4-99	lig_19269-1	-5.269999999999996	0.01
lig_4-99	lig_19388-2	1.1099999999999994	0.01
lig_4-99	lig_19391-1	-0.7999999999999998	0.01
lig_4-99	lig_1941-2	-2.080000000000001	0.01
lig_4-99	lig_1943-1	-4.5200000000000005	0.01
lig_4-99	lig_19437-1	-1.13	0.01
lig_4-99	lig_19478-1	-0.269999999999996	0.01
lig_4-99	lig_19513-1	-2.28	0.01
lig_4-99	lig_19595-1	-1.0099999999999998	0.01
lig_4-99	lig_19606-1	-1.3100000000000005	0.01
lig_4-99	lig_19606-2	-1.8100000000000005	0.01
lig_4-99	lig_19635-1	-1.5399999999999991	0.01
lig_4-99	lig_19643-1	-5.2	0.01
lig_4-99	lig_19705-1	-2.8000000000000007	0.01
lig_4-99	lig_19768-1	-1.200000000000001	0.01
lig_4-99	lig_19769-1	1.0	0.01
lig_4-99	lig_20052-2	2.4200000000000017	0.01
lig_4-99	lig_20057-1	-5.5200000000000005	0.01
lig_4-99	lig_20060-1	-2.59	0.01
lig_4-99	lig_20060-2	-1.7600000000000002	0.01
lig_4-99	lig_20060-3	-0.29	0.01
lig_4-99	lig_20060-4	-4.31	0.01
lig_4-99	lig_20061-1	-4.45	0.01
lig_4-99	lig_20061-2	-2.57	0.01
lig_4-99	lig_20061-3	-5.180000000000001	0.01
lig_4-99	lig_20061-4	-4.0	0.01
lig_4-99	lig_20094-1	-3.18	0.01
lig_4-99	lig_20098-1	0.9600000000000009	0.01
lig_4-99	lig_20198-1	-4.34	0.01
lig_4-99	lig_202-1	-1.620000000000001	0.01
lig_4-99	lig_2025-1	-4.859999999999996	0.01
lig_4-99	lig_20315-1	0.1699999999999981	0.01
lig_4-99	lig_20353-2	-3.2500000000000018	0.01
lig_4-99	lig_20353-3	-4.189999999999998	0.01
lig_4-99	lig_20353-4	-3.5	0.01
lig_4-99	lig_20369-1	-2.740000000000002	0.01
lig_4-99	lig_2045-1	-1.59	0.01
lig_4-99	lig_2047-1	1.3799999999999957	0.01
lig_4-99	lig_20584-2	-2.9400000000000004	0.01
lig_4-99	lig_2059-1	-1.0700000000000005	0.01
lig_4-99	lig_20621-1	-1.109999999999996	0.01
lig_4-99	lig_20625-1	-0.5700000000000003	0.01
lig_4-99	lig_20646-1	-2.39	0.01
lig_4-99	lig_20660-1	1.7400000000000002	0.01
lig_4-99	lig_20660-2	-0.0499999999999971	0.01
lig_4-99	lig_20667-1	-0.9500000000000028	0.01
lig_4-99	lig_20757-1	-0.7599999999999909	0.01
lig_4-99	lig_20762-2	-1.72	0.01
lig_4-99	lig_20763-2	-0.0200000000000031	0.01
lig_4-99	lig_20763-3	-5.970000000000002	0.01
lig_4-99	lig_20767-1	-1.92	0.01
lig_4-99	lig_2080-1	-4.19	0.01
lig_4-99	lig_20827-1	-0.4699999999999988	0.01
lig_4-99	lig_20922-1	3.780000000000001	0.01
lig_4-99	lig_20935-1	-1.759999999999998	0.01
lig_4-99	lig_2103-1	-3.41	0.01
lig_4-99	lig_2114-1	-5.190000000000001	0.01
lig_4-99	lig_21372-1	-2.019999999999996	0.01
lig_4-99	lig_21457-1	-2.3200000000000003	0.01
lig_4-99	lig_21461-1	1.5499999999999972	0.01
lig_4-99	lig_21538-1	-0.25	0.01
lig_4-99	lig_21626-1	-0.3300000000000054	0.01
lig_4-99	lig_21628-1	0.8999999999999986	0.01
lig_4-99	lig_21630-2	-0.1099999999999994	0.01
lig_4-99	lig_21651-1	3.1799999999999784	0.01
lig_4-99	lig_21653-1	0.4699999999999988	0.01
lig_4-99	lig_21679-1	-2.640000000000001	0.01
lig_4-99	lig_2176-1	-1.1400000000000006	0.01
lig_4-99	lig_21970-1	-0.4799999999999897	0.01
lig_4-99	lig_21980-1	1.26	0.01
lig_4-99	lig_21980-2	0.3599999999999999	0.01
lig_4-99	lig_22-1	-5.48	0.01
lig_4-99	lig_22178-1	-1.1099999999999994	0.01
lig_4-99	lig_222-1	-1.41	0.01
lig_4-99	lig_22326-1	-5.58	0.01
lig_4-99	lig_22331-1	-3.469999999999999	0.01
lig_4-99	lig_22341-11	0.1099999999999994	0.01
lig_4-99	lig_22341-15	-0.3600000000000003	0.01
lig_4-99	lig_2237-1	-1.96	0.01
lig_4-99	lig_22373-2	-1.5499999999999998	0.01
lig_4-99	lig_22408-2	3.0699999999999994	0.01
lig_4-99	lig_2242-1	-2.200000000000003	0.01
lig_4-99	lig_22448-1	0.9900000000000002	0.01
lig_4-99	lig_22529-1	-6.18	0.01
lig_4-99	lig_22529-4	-4.43	0.01
lig_4-99	lig_22550-2	-1.2199999999999989	0.01
lig_4-99	lig_22565-1	-1.99	0.01
lig_4-99	lig_22565-2	-2.49	0.01
lig_4-99	lig_22574-1	-3.9	0.01
lig_4-99	lig_2259-2	0.480000000000004	0.01
lig_4-99	lig_22639-1	-0.6400000000000001	0.01
lig_4-99	lig_22655-1	-2.969999999999999	0.01
lig_4-99	lig_22675-2	-1.9000000000000057	0.01
lig_4-99	lig_22676-1	-3.3799999999999955	0.01
lig_4-99	lig_22676-4	-0.519999999999996	0.01
lig_4-99	lig_22682-2	-4.119999999999999	0.01
lig_4-99	lig_2283-1	-2.049999999999999	0.01
lig_4-99	lig_22903-1	-0.6500000000000004	0.01
lig_4-99	lig_22913-1	-2.3099999999999987	0.01
lig_4-99	lig_22915-2	-1.109999999999996	0.01
lig_4-99	lig_22920-1	0.3200000000000003	0.01
lig_4-99	lig_22930-2	-6.439999999999998	0.01
lig_4-99	lig_22931-1	-4.050000000000001	0.01
lig_4-99	lig_22931-2	-2.490000000000002	0.01
lig_4-99	lig_22941-1	-2.78	0.01
lig_4-99	lig_22953-1	3.469999999999999	0.01
lig_4-99	lig_22953-2	2.6299999999999955	0.01
lig_4-99	lig_2296-1	-2.719999999999999	0.01
lig_4-99	lig_23009-1	-1.0599999999999996	0.01
lig_4-99	lig_2308-1	-1.299999999999999	0.01
lig_4-99	lig_2310-1	-2.41	0.01
lig_4-99	lig_2311-1	-4.0	0.01
lig_4-99	lig_2313-1	-3.8599999999999977	0.01
lig_4-99	lig_2313-2	-2.09	0.01
lig_4-99	lig_2316-2	-1.93	0.01
lig_4-99	lig_2317-1	-2.1700000000000017	0.01
lig_4-99	lig_2322-1	-2.130000000000001	0.01
lig_4-99	lig_2322-2	-3.360000000000001	0.01
lig_4-99	lig_23238-2	-1.6300000000000008	0.01
lig_4-99	lig_2324-1	-1.25	0.01
lig_4-99	lig_2324-2	-0.8500000000000014	0.01
lig_4-99	lig_2325-1	-2.870000000000001	0.01
lig_4-99	lig_2325-2	-4.66	0.01
lig_4-99	lig_23260-1	-0.9500000000000028	0.01
lig_4-99	lig_2327-1	-2.700000000000001	0.01
lig_4-99	lig_2327-2	-0.620000000000001	0.01
lig_4-99	lig_23270-1	-5.439999999999998	0.01
lig_4-99	lig_23270-2	-2.3299999999999983	0.01
lig_4-99	lig_2328-1	-1.2	0.01
lig_4-99	lig_2328-2	-1.88	0.01
lig_4-99	lig_2330-1	-2.72	0.01
lig_4-99	lig_2330-2	-4.180000000000001	0.01
lig_4-99	lig_2333-1	-0.6300000000000008	0.01
lig_4-99	lig_2336-1	2.6500000000000004	0.01
lig_4-99	lig_2337-1	-2.719999999999999	0.01
lig_4-99	lig_2337-2	-1.25	0.01
lig_4-99	lig_2337-4	-1.2699999999999996	0.01
lig_4-99	lig_2338-1	-3.01	0.01
lig_4-99	lig_2339-1	-1.4300000000000002	0.01
lig_4-99	lig_2349-1	-5.449999999999999	0.01
lig_4-99	lig_23563-1	-4.3700000000000045	0.01
lig_4-99	lig_23578-1	-3.58	0.01
lig_4-99	lig_23583-1	-3.770000000000002	0.01
lig_4-99	lig_23605-1	-1.8000000000000007	0.01
lig_4-99	lig_2365-1	-2.17	0.01
lig_4-99	lig_23658-1	-1.5199999999999996	0.01
lig_4-99	lig_23754-2	0.4500000000000028	0.01
lig_4-99	lig_23856-1	-5.110000000000003	0.01
lig_4-99	lig_2387-1	0.31	0.01
lig_4-99	lig_2400-1	-2.68	0.01
lig_4-99	lig_2401-1	1.620000000000001	0.01
lig_4-99	lig_2406-1	-0.5999999999999996	0.01
lig_4-99	lig_24105-2	-2.719999999999999	0.01
lig_4-99	lig_24140-2	3.769999999999982	0.01
lig_4-99	lig_24216-2	2.1099999999999994	0.01
lig_4-99	lig_24322-1	-2.75	0.01
lig_4-99	lig_24370-1	-1.4799999999999898	0.01
lig_4-99	lig_2445-1	-2.4399999999999995	0.01
lig_4-99	lig_2445-2	-2.57	0.01
lig_4-99	lig_2445-3	-2.48	0.01
lig_4-99	lig_2445-4	-0.35	0.01
lig_4-99	lig_24460-2	-0.3400000000000007	0.01
lig_4-99	lig_24463-2	-4.730000000000004	0.01
lig_4-99	lig_24486-1	-0.9200000000000016	0.01
lig_4-99	lig_2449-1	1.81	0.01
lig_4-99	lig_24524-1	-1.85	0.01
lig_4-99	lig_24555-1	0.1199999999999974	0.01
lig_4-99	lig_24559-1	-2.27	0.01
lig_4-99	lig_24560-4	1.6000000000000014	0.01
lig_4-99	lig_24561-2	-1.1500000000000004	0.01
lig_4-99	lig_24575-1	-1.3799999999999957	0.01
lig_4-99	lig_24575-2	-2.3999999999999986	0.01
lig_4-99	lig_2458-1	-3.710000000000001	0.01
lig_4-99	lig_24583-2	-0.730000000000004	0.01
lig_4-99	lig_24629-3	1.7399999999999984	0.01
lig_4-99	lig_2463-1	-0.5099999999999998	0.01
lig_4-99	lig_24630-2	-0.6100000000000065	0.01
lig_4-99	lig_24633-1	-1.5200000000000031	0.01
lig_4-99	lig_24633-2	-1.41	0.01
lig_4-99	lig_24672-1	-0.0899999999999963	0.01
lig_4-99	lig_2472-1	-4.459999999999999	0.01
lig_4-99	lig_24819-1	-0.9400000000000012	0.01
lig_4-99	lig_24819-2	-1.8500000000000012	0.01
lig_4-99	lig_24824-4	-1.8099999999999987	0.01
lig_4-99	lig_24825-1	-2.42	0.01
lig_4-99	lig_24826-1	-1.25	0.01
lig_4-99	lig_24826-2	2.6	0.01
lig_4-99	lig_2506-1	-1.9099999999999968	0.01
lig_4-99	lig_25215-1	-3.080000000000002	0.01
lig_4-99	lig_25215-2	-3.43	0.01
lig_4-99	lig_25215-3	-4.34	0.01
lig_4-99	lig_25215-4	-1.5100000000000016	0.01
lig_4-99	lig_25253-1	-1.67	0.01
lig_4-99	lig_25253-2	-2.869999999999999	0.01
lig_4-99	lig_25309-1	-2.009999999999991	0.01
lig_4-99	lig_2537-1	0.5900000000000034	0.01
lig_4-99	lig_25432-1	-4.34	0.01
lig_4-99	lig_25433-1	1.3299999999999983	0.01
lig_4-99	lig_25435-1	-0.4199999999999999	0.01
lig_4-99	lig_25435-2	-4.0	0.01
lig_4-99	lig_25435-4	-1.16	0.01
lig_4-99	lig_25436-2	-1.490000000000002	0.01
lig_4-99	lig_25436-4	-0.8599999999999994	0.01
lig_4-99	lig_25442-1	-2.4499999999999997	0.01
lig_4-99	lig_25442-2	-3.21	0.01
lig_4-99	lig_25460-1	0.7199999999999998	0.01
lig_4-99	lig_25465-5	-0.7400000000000002	0.01
lig_4-99	lig_25468-5	0.79	0.01
lig_4-99	lig_25532-2	-4.960000000000001	0.01
lig_4-99	lig_25532-3	-2.4400000000000013	0.01
lig_4-99	lig_25537-1	-2.6200000000000045	0.01
lig_4-99	lig_25538-1	-1.9699999999999989	0.01
lig_4-99	lig_25577-1	1.8499999999999976	0.01
lig_4-99	lig_25577-2	4.530000000000001	0.01
lig_4-99	lig_25580-1	1.7600000000000016	0.01
lig_4-99	lig_25613-1	-1.0	0.01
lig_4-99	lig_25840-3	0.9099999999999966	0.01
lig_4-99	lig_25932-1	-2.289999999999999	0.01
lig_4-99	lig_25952-1	1.0499999999999998	0.01
lig_4-99	lig_26069-1	-1.0500000000000045	0.01
lig_4-99	lig_26082-2	-4.77	0.01
lig_4-99	lig_26169-1	3.13	0.01
lig_4-99	lig_2621-1	-4.550000000000004	0.01
lig_4-99	lig_2628-1	-3.41	0.01
lig_4-99	lig_26342-2	3.3399999999999963	0.01
lig_4-99	lig_2635-2	-0.6800000000000002	0.01
lig_4-99	lig_2635-3	-1.6899999999999995	0.01
lig_4-99	lig_2635-4	-1.4900000000000002	0.01
lig_4-99	lig_265-1	-0.9200000000000016	0.01
lig_4-99	lig_26586-2	-2.969999999999999	0.01
lig_4-99	lig_26622-1	-4.029999999999999	0.01
lig_4-99	lig_26625-2	-0.92	0.01
lig_4-99	lig_26643-1	-1.2199999999999989	0.01
lig_4-99	lig_2667-1	-1.0199999999999996	0.01
lig_4-99	lig_26756-1	-1.400000000000002	0.01
lig_4-99	lig_2680-1	-4.809999999999999	0.01
lig_4-99	lig_2681-1	-2.410000000000004	0.01
lig_4-99	lig_2683-1	-0.4600000000000008	0.01
lig_4-99	lig_26874-1	0.0300000000000011	0.01
lig_4-99	lig_26958-2	1.3000000000000045	0.01
lig_4-99	lig_26961-2	0.9900000000000092	0.01
lig_4-99	lig_2701-1	-1.8100000000000025	0.01
lig_4-99	lig_27013-1	-0.02	0.01
lig_4-99	lig_2702-1	-3.09	0.01
lig_4-99	lig_27063-1	-0.5600000000000023	0.01
lig_4-99	lig_27065-1	-0.9200000000000016	0.01
lig_4-99	lig_27065-2	-1.2000000000000028	0.01
lig_4-99	lig_27068-2	1.6400000000000006	0.01
lig_4-99	lig_2707-1	-3.76	0.01
lig_4-99	lig_27086-1	1.16	0.01
lig_4-99	lig_27086-2	1.5600000000000005	0.01
lig_4-99	lig_27088-1	-1.0599999999999987	0.01
lig_4-99	lig_27089-1	-2.76	0.01
lig_4-99	lig_27091-1	0.7599999999999998	0.01
lig_4-99	lig_27096-1	0.6600000000000001	0.01
lig_4-99	lig_27098-1	0.91	0.01
lig_4-99	lig_27107-1	0.4699999999999988	0.01
lig_4-99	lig_27107-2	0.1899999999999977	0.01
lig_4-99	lig_27253-1	-3.039999999999992	0.01
lig_4-99	lig_27269-1	-2.95	0.01
lig_4-99	lig_27272-1	-2.77	0.01
lig_4-99	lig_27272-2	-0.3799999999999999	0.01
lig_4-99	lig_27277-1	-0.9299999999999996	0.01
lig_4-99	lig_27359-1	-2.4200000000000017	0.01
lig_4-99	lig_27585-1	-7.27	0.01
lig_4-99	lig_27632-1	1.3200000000000005	0.01
lig_4-99	lig_27669-1	-1.1900000000000013	0.01
lig_4-99	lig_27675-1	-1.3800000000000026	0.01
lig_4-99	lig_27675-2	-0.9200000000000016	0.01
lig_4-99	lig_27716-1	-1.64	0.01
lig_4-99	lig_27755-1	-1.3599999999999994	0.01
lig_4-99	lig_2787-1	-0.0300000000000011	0.01
lig_4-99	lig_27910-2	1.8599999999999997	0.01
lig_4-99	lig_27975-1	-4.210000000000001	0.01
lig_4-99	lig_28049-1	-1.9899999999999984	0.01
lig_4-99	lig_28052-1	-4.38	0.01
lig_4-99	lig_28052-2	-4.720000000000001	0.01
lig_4-99	lig_28052-3	-2.4400000000000004	0.01
lig_4-99	lig_28052-4	-4.48	0.01
lig_4-99	lig_28054-2	-1.3499999999999996	0.01
lig_4-99	lig_28054-3	2.64	0.01
lig_4-99	lig_28054-4	-3.38	0.01
lig_4-99	lig_28055-1	-2.450000000000001	0.01
lig_4-99	lig_28055-2	-4.29	0.01
lig_4-99	lig_28055-4	-3.45	0.01
lig_4-99	lig_2806-1	-2.35	0.01
lig_4-99	lig_28642-1	-2.5700000000000003	0.01
lig_4-99	lig_2868-1	-3.039999999999992	0.01
lig_4-99	lig_2869-4	1.7199999999999989	0.01
lig_4-99	lig_2872-1	-0.7099999999999937	0.01
lig_4-99	lig_28823-1	-1.7599999999999998	0.01
lig_4-99	lig_28838-1	-3.830000000000005	0.01
lig_4-99	lig_28902-1	-3.740000000000002	0.01
lig_4-99	lig_28910-1	-3.0900000000000007	0.01
lig_4-99	lig_28911-1	-1.38	0.01
lig_4-99	lig_28919-1	-0.7000000000000002	0.01
lig_4-99	lig_2895-1	-3.4199999999999995	0.01
lig_4-99	lig_2896-1	-4.4	0.01
lig_4-99	lig_2896-2	-3.28	0.01
lig_4-99	lig_28964-1	-1.0	0.01
lig_4-99	lig_28964-2	-5.11	0.01
lig_4-99	lig_28967-2	-4.99	0.01
lig_4-99	lig_28967-3	-4.87	0.01
lig_4-99	lig_29038-1	-2.51	0.01
lig_4-99	lig_29059-4	-5.7	0.01
lig_4-99	lig_29060-2	0.5800000000000001	0.01
lig_4-99	lig_29061-3	-3.1999999999999997	0.01
lig_4-99	lig_29061-4	-7.359999999999999	0.01
lig_4-99	lig_29062-4	-5.5200000000000005	0.01
lig_4-99	lig_29063-1	-3.76	0.01
lig_4-99	lig_29063-2	-4.110000000000001	0.01
lig_4-99	lig_29063-3	-2.759999999999999	0.01
lig_4-99	lig_29063-4	-3.17	0.01
lig_4-99	lig_29087-2	0.1099999999999999	0.01
lig_4-99	lig_29195-1	-2.6499999999999986	0.01
lig_4-99	lig_29197-1	-3.92	0.01
lig_4-99	lig_29198-2	-3.1899999999999977	0.01
lig_4-99	lig_29306-5	0.8500000000000014	0.01
lig_4-99	lig_29306-7	0.2600000000000007	0.01
lig_4-99	lig_29312-6	-2.73	0.01
lig_4-99	lig_29312-7	-2.4000000000000004	0.01
lig_4-99	lig_29314-4	-0.1099999999999994	0.01
lig_4-99	lig_2935-1	1.1000000000000014	0.01
lig_4-99	lig_2935-2	-2.479999999999997	0.01
lig_4-99	lig_29601-3	-3.0500000000000007	0.01
lig_4-99	lig_29601-4	-2.3599999999999994	0.01
lig_4-99	lig_29605-2	-3.810000000000001	0.01
lig_4-99	lig_29608-2	-4.909999999999998	0.01
lig_4-99	lig_29617-1	-1.7100000000000009	0.01
lig_4-99	lig_2964-2	-1.7800000000000011	0.01
lig_4-99	lig_29759-1	-3.1999999999999997	0.01
lig_4-99	lig_2979-1	-3.51	0.01
lig_4-99	lig_2981-1	-2.8599999999999994	0.01
lig_4-99	lig_2983-1	-1.8900000000000008	0.01
lig_4-99	lig_2983-2	-2.3599999999999994	0.01
lig_4-99	lig_29832-1	-2.6899999999999977	0.01
lig_4-99	lig_30045-3	-1.1099999999999994	0.01
lig_4-99	lig_30309-1	-2.6999999999999997	0.01
lig_4-99	lig_3032-1	-3.860000000000001	0.01
lig_4-99	lig_3033-1	-3.21	0.01
lig_4-99	lig_30432-1	-2.9000000000000004	0.01
lig_4-99	lig_30475-2	1.19	0.01
lig_4-99	lig_3059-1	-3.43	0.01
lig_4-99	lig_30599-1	-0.7399999999999984	0.01
lig_4-99	lig_30788-4	-2.140000000000001	0.01
lig_4-99	lig_31-1	-3.22	0.01
lig_4-99	lig_31003-1	-2.6500000000000004	0.01
lig_4-99	lig_31003-2	-4.300000000000001	0.01
lig_4-99	lig_31004-1	-4.34	0.01
lig_4-99	lig_31004-2	-2.5	0.01
lig_4-99	lig_31004-3	-2.9000000000000004	0.01
lig_4-99	lig_31004-4	-5.88	0.01
lig_4-99	lig_31005-1	-0.2599999999999998	0.01
lig_4-99	lig_31005-3	-0.0900000000000007	0.01
lig_4-99	lig_31005-5	-4.54	0.01
lig_4-99	lig_31005-8	-2.3999999999999995	0.01
lig_4-99	lig_31007-1	-4.539999999999999	0.01
lig_4-99	lig_31007-3	-5.09	0.01
lig_4-99	lig_31007-4	-5.84	0.01
lig_4-99	lig_31013-8	3.549999999999997	0.01
lig_4-99	lig_31018-4	-1.46	0.01
lig_4-99	lig_31018-5	-1.85	0.01
lig_4-99	lig_31018-7	-2.67	0.01
lig_4-99	lig_31076-3	-6.24	0.01
lig_4-99	lig_31131-1	-0.2200000000000024	0.01
lig_4-99	lig_31144-1	1.0399999999999991	0.01
lig_4-99	lig_31144-2	-3.82	0.01
lig_4-99	lig_31145-1	1.4000000000000004	0.01
lig_4-99	lig_31145-2	-3.3	0.01
lig_4-99	lig_3117-1	-3.1499999999999986	0.01
lig_4-99	lig_31180-1	0.8900000000000006	0.01
lig_4-99	lig_31227-1	1.4000000000000057	0.01
lig_4-99	lig_3123-1	-1.6699999999999982	0.01
lig_4-99	lig_3130-1	2.52	0.01
lig_4-99	lig_3135-1	0.0400000000000027	0.01
lig_4-99	lig_31419-1	-3.04	0.01
lig_4-99	lig_31443-1	-5.82	0.01
lig_4-99	lig_31446-1	-3.5	0.01
lig_4-99	lig_31468-1	-1.1400000000000006	0.01
lig_4-99	lig_31479-2	1.7199999999999989	0.01
lig_4-99	lig_31480-1	-2.27	0.01
lig_4-99	lig_31480-2	-0.200000000000001	0.01
lig_4-99	lig_31480-3	-1.549999999999999	0.01
lig_4-99	lig_31480-4	-0.6599999999999999	0.01
lig_4-99	lig_31487-2	2.68	0.01
lig_4-99	lig_31494-1	-1.6599999999999966	0.01
lig_4-99	lig_31585-1	-1.4600000000000009	0.01
lig_4-99	lig_31862-1	-0.9200000000000016	0.01
lig_4-99	lig_31936-3	-6.040000000000001	0.01
lig_4-99	lig_3195-1	-6.59	0.01
lig_4-99	lig_32010-1	-4.780000000000001	0.01
lig_4-99	lig_32039-1	-2.93	0.01
lig_4-99	lig_32224-1	-2.92	0.01
lig_4-99	lig_3231-1	1.1600000000000037	0.01
lig_4-99	lig_3234-1	0.2399999999999948	0.01
lig_4-99	lig_32345-1	-4.899999999999999	0.01
lig_4-99	lig_3236-1	-2.360000000000001	0.01
lig_4-99	lig_32386-1	-0.52	0.01
lig_4-99	lig_32399-1	-1.1799999999999995	0.01
lig_4-99	lig_3267-2	-3.640000000000001	0.01
lig_4-99	lig_3273-1	-1.790000000000001	0.01
lig_4-99	lig_3273-2	-3.18	0.01
lig_4-99	lig_32793-1	-3.71	0.01
lig_4-99	lig_32793-2	-1.7800000000000002	0.01
lig_4-99	lig_32793-3	-0.7600000000000007	0.01
lig_4-99	lig_32878-3	0.0999999999999978	0.01
lig_4-99	lig_32878-4	1.879999999999999	0.01
lig_4-99	lig_32904-1	2.3800000000000026	0.01
lig_4-99	lig_32961-2	2.6599999999999997	0.01
lig_4-99	lig_32964-2	1.0699999999999998	0.01
lig_4-99	lig_33023-1	-0.1999999999999993	0.01
lig_4-99	lig_3305-1	-0.4600000000000008	0.01
lig_4-99	lig_3305-2	1.75	0.01
lig_4-99	lig_33140-1	-4.859999999999999	0.01
lig_4-99	lig_33143-1	-4.48	0.01
lig_4-99	lig_33145-1	-2.92	0.01
lig_4-99	lig_33169-1	0.7900000000000063	0.01
lig_4-99	lig_3318-1	2.480000000000004	0.01
lig_4-99	lig_33267-1	-1.6399999999999997	0.01
lig_4-99	lig_3333-1	-1.7999999999999972	0.01
lig_4-99	lig_3333-2	-1.9699999999999989	0.01
lig_4-99	lig_33408-1	-3.3199999999999994	0.01
lig_4-99	lig_3347-1	-1.93	0.01
lig_4-99	lig_3347-2	-4.689999999999998	0.01
lig_4-99	lig_33512-1	-3.6899999999999977	0.01
lig_4-99	lig_3358-1	-2.479999999999997	0.01
lig_4-99	lig_33839-1	0.7300000000000004	0.01
lig_4-99	lig_34025-1	2.0999999999999943	0.01
lig_4-99	lig_34072-2	-1.3800000000000026	0.01
lig_4-99	lig_34073-2	-3.3200000000000003	0.01
lig_4-99	lig_3450-1	-1.0300000000000011	0.01
lig_4-99	lig_3450-2	-1.0300000000000011	0.01
lig_4-99	lig_3450-4	-0.0599999999999987	0.01
lig_4-99	lig_3456-4	2.009999999999998	0.01
lig_4-99	lig_3458-1	-1.400000000000002	0.01
lig_4-99	lig_3458-2	-2.640000000000001	0.01
lig_4-99	lig_3466-1	-2.999999999999999	0.01
lig_4-99	lig_34754-1	-5.93	0.01
lig_4-99	lig_348-1	-3.1900000000000013	0.01
lig_4-99	lig_34822-1	0.4199999999999981	0.01
lig_4-99	lig_34859-2	5.599999999999994	0.01
lig_4-99	lig_34867-2	0.9299999999999996	0.01
lig_4-99	lig_3492-2	-2.52	0.01
lig_4-99	lig_34970-1	-0.1600000000000001	0.01
lig_4-99	lig_3499-1	3.470000000000006	0.01
lig_4-99	lig_35006-1	-0.0300000000000011	0.01
lig_4-99	lig_35007-1	-3.54	0.01
lig_4-99	lig_35201-1	0.5400000000000063	0.01
lig_4-99	lig_35201-2	1.0600000000000025	0.01
lig_4-99	lig_35206-1	3.4199999999999875	0.01
lig_4-99	lig_35211-1	-1.7699999999999996	0.01
lig_4-99	lig_35211-2	-1.16	0.01
lig_4-99	lig_35211-3	-2.0	0.01
lig_4-99	lig_35211-4	0.4200000000000017	0.01
lig_4-99	lig_35213-1	-0.9099999999999966	0.01
lig_4-99	lig_35213-2	-2.8200000000000003	0.01
lig_4-99	lig_35219-4	-0.0300000000000011	0.01
lig_4-99	lig_3527-1	-2.6099999999999994	0.01
lig_4-99	lig_3528-1	-1.25	0.01
lig_4-99	lig_3538-1	-1.730000000000004	0.01
lig_4-99	lig_35399-2	-1.96	0.01
lig_4-99	lig_35399-3	-2.17	0.01
lig_4-99	lig_35400-1	0.3500000000000001	0.01
lig_4-99	lig_35469-3	3.450000000000003	0.01
lig_4-99	lig_3553-1	-1.8300000000000125	0.01
lig_4-99	lig_35688-1	-2.7	0.01
lig_4-99	lig_35688-2	-3.5500000000000007	0.01
lig_4-99	lig_35688-3	-1.7400000000000002	0.01
lig_4-99	lig_35688-4	-0.3099999999999987	0.01
lig_4-99	lig_35689-1	-4.409999999999999	0.01
lig_4-99	lig_35689-2	-0.5899999999999999	0.01
lig_4-99	lig_35689-3	-1.03	0.01
lig_4-99	lig_35689-4	-0.4100000000000001	0.01
lig_4-99	lig_35689-5	-0.78	0.01
lig_4-99	lig_35689-6	-4.96	0.01
lig_4-99	lig_35689-7	-1.4900000000000002	0.01
lig_4-99	lig_35689-8	-2.3000000000000007	0.01
lig_4-99	lig_3574-1	-0.8900000000000006	0.01
lig_4-99	lig_36314-5	-0.8800000000000026	0.01
lig_4-99	lig_36344-8	-3.9200000000000017	0.01
lig_4-99	lig_36588-1	-0.7300000000000001	0.01
lig_4-99	lig_36617-1	-1.0300000000000011	0.01
lig_4-99	lig_36870-1	-4.0	0.01
lig_4-99	lig_36943-1	-2.97	0.01
lig_4-99	lig_3698-1	-4.540000000000001	0.01
lig_4-99	lig_37348-1	-0.9499999999999992	0.01
lig_4-99	lig_37771-1	-3.92	0.01
lig_4-99	lig_37891-3	-6.62	0.01
lig_4-99	lig_37892-2	-2.06	0.01
lig_4-99	lig_3794-1	-3.4700000000000024	0.01
lig_4-99	lig_3795-1	-2.419999999999998	0.01
lig_4-99	lig_37962-2	-0.33	0.01
lig_4-99	lig_37962-5	-2.43	0.01
lig_4-99	lig_38017-1	-5.33	0.01
lig_4-99	lig_38085-1	-1.7400000000000002	0.01
lig_4-99	lig_3822-1	-0.5499999999999998	0.01
lig_4-99	lig_3841-1	0.5100000000000051	0.01
lig_4-99	lig_38780-1	-2.320000000000002	0.01
lig_4-99	lig_39043-2	-0.0899999999999963	0.01
lig_4-99	lig_39066-1	-1.9799999999999984	0.01
lig_4-99	lig_39098-1	-3.3199999999999994	0.01
lig_4-99	lig_39098-2	-4.81	0.01
lig_4-99	lig_39107-1	-6.309999999999999	0.01
lig_4-99	lig_39110-1	-1.72	0.01
lig_4-99	lig_39115-1	-7.039999999999999	0.01
lig_4-99	lig_39132-1	-2.67	0.01
lig_4-99	lig_39155-1	-2.16	0.01
lig_4-99	lig_39207-1	-5.69	0.01
lig_4-99	lig_39215-2	-2.6899999999999977	0.01
lig_4-99	lig_39314-1	0.75	0.01
lig_4-99	lig_39325-1	-4.949999999999999	0.01
lig_4-99	lig_39326-1	-3.69	0.01
lig_4-99	lig_39328-3	-4.01	0.01
lig_4-99	lig_39351-1	2.9800000000000004	0.01
lig_4-99	lig_3951-1	-3.490000000000002	0.01
lig_4-99	lig_39541-1	1.2399999999999949	0.01
lig_4-99	lig_3955-1	-0.33	0.01
lig_4-99	lig_3956-1	-0.3000000000000025	0.01
lig_4-99	lig_3957-2	-1.8500000000000003	0.01
lig_4-99	lig_3957-3	-4.219999999999999	0.01
lig_4-99	lig_39580-1	-0.5	0.01
lig_4-99	lig_39644-1	-1.9600000000000009	0.01
lig_4-99	lig_39657-1	-1.25	0.01
lig_4-99	lig_39709-1	0.6499999999999986	0.01
lig_4-99	lig_3971-1	-3.25	0.01
lig_4-99	lig_39714-1	-1.3900000000000006	0.01
lig_4-99	lig_39714-2	-0.8100000000000005	0.01
lig_4-99	lig_39716-3	0.9500000000000028	0.01
lig_4-99	lig_39735-1	-0.4599999999999991	0.01
lig_4-99	lig_39826-1	-1.3599999999999994	0.01
lig_4-99	lig_39845-1	-4.52	0.01
lig_4-99	lig_39859-1	0.009999999999998	0.01
lig_4-99	lig_3986-2	-1.4200000000000017	0.01
lig_4-99	lig_39873-3	-3.219999999999999	0.01
lig_4-99	lig_39933-2	1.1400000000000006	0.01
lig_4-99	lig_39933-3	-0.1799999999999997	0.01
lig_4-99	lig_39933-4	-0.7399999999999984	0.01
lig_4-99	lig_39967-1	-4.870000000000001	0.01
lig_4-99	lig_3998-1	3.9300000000000033	0.01
lig_4-99	lig_40-1	0.3599999999999994	0.01
lig_4-99	lig_4000-2	1.1300000000000026	0.01
lig_4-99	lig_40002-2	-3.8	0.01
lig_4-99	lig_40002-3	-3.81	0.01
lig_4-99	lig_40019-3	-3.7	0.01
lig_4-99	lig_40019-4	-1.89	0.01
lig_4-99	lig_40037-1	-0.9000000000000057	0.01
lig_4-99	lig_40057-1	-2.49	0.01
lig_4-99	lig_40057-2	-2.9499999999999997	0.01
lig_4-99	lig_40067-1	0.45	0.01
lig_4-99	lig_40067-2	-0.02	0.01
lig_4-99	lig_40137-1	0.7899999999999991	0.01
lig_4-99	lig_40163-1	-2.71	0.01
lig_4-99	lig_40163-2	-2.09	0.01
lig_4-99	lig_40229-1	-1.7899999999999991	0.01
lig_4-99	lig_40318-2	1.2000000000000002	0.01
lig_4-99	lig_4038-1	0.7099999999999937	0.01
lig_4-99	lig_4038-4	-4.190000000000012	0.01
lig_4-99	lig_40386-1	0.4199999999999981	0.01
lig_4-99	lig_40386-2	1.629999999999999	0.01
lig_4-99	lig_40424-1	-2.4099999999999997	0.01
lig_4-99	lig_40424-2	-2.4899999999999998	0.01
lig_4-99	lig_40477-1	-1.2400000000000002	0.01
lig_4-99	lig_40477-2	0.0	0.01
lig_4-99	lig_40496-1	2.759999999999998	0.01
lig_4-99	lig_40505-1	-0.2699999999999996	0.01
lig_4-99	lig_40523-1	-4.11	0.01
lig_4-99	lig_4060-1	-3.76	0.01
lig_4-99	lig_4060-2	-4.51	0.01
lig_4-99	lig_40642-1	-6.050000000000001	0.01
lig_4-99	lig_40696-1	-2.29	0.01
lig_4-99	lig_40785-1	2.789999999999992	0.01
lig_4-99	lig_40812-1	-1.92	0.01
lig_4-99	lig_40873-1	-0.2599999999999998	0.01
lig_4-99	lig_40894-1	-7.210000000000001	0.01
lig_4-99	lig_40961-1	-2.2399999999999984	0.01
lig_4-99	lig_41115-1	-2.9800000000000004	0.01
lig_4-99	lig_41118-2	-3.940000000000005	0.01
lig_4-99	lig_41138-1	-2.57	0.01
lig_4-99	lig_41138-2	-3.12	0.01
lig_4-99	lig_41138-3	0.1100000000000001	0.01
lig_4-99	lig_41197-2	-1.6899999999999995	0.01
lig_4-99	lig_41240-1	-3.75	0.01
lig_4-99	lig_41240-2	1.6000000000000014	0.01
lig_4-99	lig_41328-1	-2.740000000000009	0.01
lig_4-99	lig_41340-3	-0.1600000000000001	0.01
lig_4-99	lig_4152-1	0.1999999999999993	0.01
lig_4-99	lig_41520-1	-4.47	0.01
lig_4-99	lig_41520-2	-5.699999999999999	0.01
lig_4-99	lig_41520-4	-1.95	0.01
lig_4-99	lig_41789-1	-3.2600000000000016	0.01
lig_4-99	lig_41789-2	-1.5100000000000016	0.01
lig_4-99	lig_41818-1	-2.19	0.01
lig_4-99	lig_41837-1	-2.1899999999999995	0.01
lig_4-99	lig_41904-4	-2.43	0.01
lig_4-99	lig_41907-2	-2.039999999999999	0.01
lig_4-99	lig_41996-1	-3.1900000000000013	0.01
lig_4-99	lig_42001-1	-2.3000000000000007	0.01
lig_4-99	lig_42059-1	-2.08	0.01
lig_4-99	lig_42060-1	-4.94	0.01
lig_4-99	lig_42073-1	-3.43	0.01
lig_4-99	lig_4211-1	-3.1000000000000014	0.01
lig_4-99	lig_4214-1	-5.150000000000002	0.01
lig_4-99	lig_42176-1	-3.25	0.01
lig_4-99	lig_42270-1	-1.34	0.01
lig_4-99	lig_42365-1	0.6299999999999999	0.01
lig_4-99	lig_42427-1	-3.34	0.01
lig_4-99	lig_42427-2	-1.4500000000000028	0.01
lig_4-99	lig_42546-2	-2.6000000000000014	0.01
lig_4-99	lig_42638-1	-4.91	0.01
lig_4-99	lig_42838-1	-0.8500000000000001	0.01
lig_4-99	lig_42838-2	-5.96	0.01
lig_4-99	lig_42839-1	-0.1700000000000017	0.01
lig_4-99	lig_42985-1	-2.640000000000001	0.01
lig_4-99	lig_42989-2	-1.59	0.01
lig_4-99	lig_42989-3	-2.3199999999999994	0.01
lig_4-99	lig_42989-4	-3.27	0.01
lig_4-99	lig_42994-1	2.56	0.01
lig_4-99	lig_43007-1	-1.75	0.01
lig_4-99	lig_43036-2	-1.5500000000000007	0.01
lig_4-99	lig_43038-1	-2.59	0.01
lig_4-99	lig_43046-2	-2.610000000000001	0.01
lig_4-99	lig_43046-4	-1.78	0.01
lig_4-99	lig_43051-1	0.009999999999998	0.01
lig_4-99	lig_43052-1	-0.7300000000000004	0.01
lig_4-99	lig_43057-1	-3.81	0.01
lig_4-99	lig_43063-1	-3.6899999999999977	0.01
lig_4-99	lig_43094-1	3.1800000000000006	0.01
lig_4-99	lig_43363-1	2.299999999999997	0.01
lig_4-99	lig_43406-2	-1.410000000000001	0.01
lig_4-99	lig_43411-1	-1.0499999999999998	0.01
lig_4-99	lig_43411-2	-0.5800000000000001	0.01
lig_4-99	lig_43433-1	-0.9000000000000021	0.01
lig_4-99	lig_43444-1	-0.8499999999999996	0.01
lig_4-99	lig_43520-1	1.3400000000000003	0.01
lig_4-99	lig_43522-1	-1.3900000000000006	0.01
lig_4-99	lig_4355-1	2.240000000000002	0.01
lig_4-99	lig_4357-1	-1.5799999999999998	0.01
lig_4-99	lig_4362-1	-4.91	0.01
lig_4-99	lig_4362-2	-2.55	0.01
lig_4-99	lig_4366-1	-3.0700000000000003	0.01
lig_4-99	lig_43675-1	-1.3900000000000006	0.01
lig_4-99	lig_43699-1	-2.4599999999999973	0.01
lig_4-99	lig_43699-2	-3.68	0.01
lig_4-99	lig_43699-3	-3.58	0.01
lig_4-99	lig_43699-4	-3.230000000000004	0.01
lig_4-99	lig_4372-1	0.6400000000000006	0.01
lig_4-99	lig_43722-1	-3.4899999999999984	0.01
lig_4-99	lig_4383-1	0.5	0.01
lig_4-99	lig_43922-1	-0.870000000000001	0.01
lig_4-99	lig_43922-2	-0.8999999999999986	0.01
lig_4-99	lig_43944-2	-2.36	0.01
lig_4-99	lig_44058-5	-2.22	0.01
lig_4-99	lig_4406-1	-2.14	0.01
lig_4-99	lig_4409-1	-1.8700000000000008	0.01
lig_4-99	lig_44127-2	0.24	0.01
lig_4-99	lig_44127-5	1.260000000000001	0.01
lig_4-99	lig_44127-8	-1.67	0.01
lig_4-99	lig_44191-1	-4.25	0.01
lig_4-99	lig_44223-3	-0.9100000000000036	0.01
lig_4-99	lig_44498-1	-0.5899999999999999	0.01
lig_4-99	lig_44581-3	-2.6499999999999995	0.01
lig_4-99	lig_44721-1	-0.5400000000000009	0.01
lig_4-99	lig_44721-2	1.3500000000000014	0.01
lig_4-99	lig_44728-1	-3.73	0.01
lig_4-99	lig_44885-3	-4.17	0.01
lig_4-99	lig_4493-2	-1.18	0.01
lig_4-99	lig_44941-1	-2.27	0.01
lig_4-99	lig_44991-1	2.589999999999975	0.01
lig_4-99	lig_44993-1	-2.33	0.01
lig_4-99	lig_45039-1	-2.59	0.01
lig_4-99	lig_45039-2	-2.2099999999999995	0.01
lig_4-99	lig_4504-2	-3.61	0.01
lig_4-99	lig_45112-1	-4.900000000000002	0.01
lig_4-99	lig_4515-1	-2.4700000000000024	0.01
lig_4-99	lig_4520-1	-2.0	0.01
lig_4-99	lig_45205-1	-2.410000000000002	0.01
lig_4-99	lig_45205-2	2.41	0.01
lig_4-99	lig_4528-1	1.1799999999999995	0.01
lig_4-99	lig_4531-1	0.5600000000000005	0.01
lig_4-99	lig_4531-2	1.0299999999999994	0.01
lig_4-99	lig_4552-2	-3.69	0.01
lig_4-99	lig_459-1	-2.62	0.01
lig_4-99	lig_4596-1	-3.42	0.01
lig_4-99	lig_46-1	-0.7999999999999972	0.01
lig_4-99	lig_462-1	-2.5	0.01
lig_4-99	lig_4653-1	-6.17	0.01
lig_4-99	lig_4696-1	-4.03	0.01
lig_4-99	lig_4702-1	-3.84	0.01
lig_4-99	lig_4702-2	-1.1899999999999995	0.01
lig_4-99	lig_4737-1	-2.7	0.01
lig_4-99	lig_4770-1	-2.2700000000000005	0.01
lig_4-99	lig_4798-1	-7.27	0.01
lig_4-99	lig_4799-1	-2.4399999999999977	0.01
lig_4-99	lig_4812-3	-1.2300000000000004	0.01
lig_4-99	lig_4812-4	-1.16	0.01
lig_4-99	lig_4823-1	-2.96	0.01
lig_4-99	lig_4869-1	-2.26	0.01
lig_4-99	lig_4870-2	-2.6500000000000004	0.01
lig_4-99	lig_4881-1	-2.480000000000004	0.01
lig_4-99	lig_4892-1	-2.01	0.01
lig_4-99	lig_4908-1	-3.51	0.01
lig_4-99	lig_4911-1	-3.710000000000001	0.01
lig_4-99	lig_4948-1	-5.32	0.01
lig_4-99	lig_4948-2	-4.44	0.01
lig_4-99	lig_4950-1	-4.84	0.01
lig_4-99	lig_4954-2	-2.66	0.01
lig_4-99	lig_4962-1	0.8000000000000003	0.01
lig_4-99	lig_4962-2	-2.13	0.01
lig_4-99	lig_4962-4	-2.6100000000000003	0.01
lig_4-99	lig_4966-1	-4.12	0.01
lig_4-99	lig_5018-1	-2.8100000000000023	0.01
lig_4-99	lig_5018-2	-1.7899999999999991	0.01
lig_4-99	lig_5020-2	-1.1899999999999995	0.01
lig_4-99	lig_5035-1	-5.140000000000001	0.01
lig_4-99	lig_5041-1	-0.5300000000000011	0.01
lig_4-99	lig_5045-1	-1.5299999999999994	0.01
lig_4-99	lig_5070-1	-2.620000000000001	0.01
lig_4-99	lig_5071-1	-2.42	0.01
lig_4-99	lig_5072-1	-2.759999999999998	0.01
lig_4-99	lig_5089-1	-4.129999999999999	0.01
lig_4-99	lig_5096-1	-2.3599999999999994	0.01
lig_4-99	lig_515-1	-2.759999999999998	0.01
lig_4-99	lig_5174-1	-0.8800000000000026	0.01
lig_4-99	lig_5230-1	-0.610000000000003	0.01
lig_4-99	lig_5335-1	-2.3600000000000003	0.01
lig_4-99	lig_5335-2	0.2200000000000002	0.01
lig_4-99	lig_5426-1	-4.07	0.01
lig_4-99	lig_5426-2	-1.39	0.01
lig_4-99	lig_5439-1	-0.8300000000000001	0.01
lig_4-99	lig_5439-2	1.5299999999999994	0.01
lig_4-99	lig_5492-1	-1.2100000000000009	0.01
lig_4-99	lig_5495-1	-3.139999999999999	0.01
lig_4-99	lig_5518-1	-6.14	0.01
lig_4-99	lig_5518-3	-6.949999999999999	0.01
lig_4-99	lig_5518-4	-6.99	0.01
lig_4-99	lig_554-1	-3.549999999999997	0.01
lig_4-99	lig_557-2	1.1400000000000006	0.01
lig_4-99	lig_560-2	-0.6599999999999966	0.01
lig_4-99	lig_5606-1	-0.2399999999999984	0.01
lig_4-99	lig_562-1	-4.48	0.01
lig_4-99	lig_5634-1	-3.960000000000001	0.01
lig_4-99	lig_5643-1	-0.3599999999999994	0.01
lig_4-99	lig_5658-1	-3.580000000000002	0.01
lig_4-99	lig_5660-4	-3.770000000000001	0.01
lig_4-99	lig_5662-2	-0.8499999999999996	0.01
lig_4-99	lig_5663-1	-1.1799999999999995	0.01
lig_4-99	lig_5663-2	-0.1999999999999993	0.01
lig_4-99	lig_5663-3	1.8000000000000007	0.01
lig_4-99	lig_5663-4	0.620000000000001	0.01
lig_4-99	lig_5667-1	-2.1899999999999995	0.01
lig_4-99	lig_5667-2	-2.0	0.01
lig_4-99	lig_5667-3	-2.6099999999999994	0.01
lig_4-99	lig_5688-1	-5.09	0.01
lig_4-99	lig_5688-2	-1.0800000000000003	0.01
lig_4-99	lig_5689-1	-2.6000000000000014	0.01
lig_4-99	lig_5690-1	-3.86	0.01
lig_4-99	lig_5691-1	-3.700000000000001	0.01
lig_4-99	lig_5692-1	-3.99	0.01
lig_4-99	lig_5693-1	-3.5700000000000003	0.01
lig_4-99	lig_5694-1	-3.669999999999998	0.01
lig_4-99	lig_5697-1	-0.0600000000000022	0.01
lig_4-99	lig_57-4	-1.7800000000000002	0.01
lig_4-99	lig_5700-1	-2.1700000000000017	0.01
lig_4-99	lig_5701-1	-3.3500000000000014	0.01
lig_4-99	lig_5713-1	-1.8000000000000007	0.01
lig_4-99	lig_5724-1	-3.1000000000000005	0.01
lig_4-99	lig_5732-1	-3.87	0.01
lig_4-99	lig_5737-1	-4.15	0.01
lig_4-99	lig_5737-2	-5.260000000000001	0.01
lig_4-99	lig_575-2	-0.0399999999999991	0.01
lig_4-99	lig_5769-1	-3.18	0.01
lig_4-99	lig_5776-1	-2.3200000000000003	0.01
lig_4-99	lig_5803-1	-4.0	0.01
lig_4-99	lig_5830-1	-3.999999999999999	0.01
lig_4-99	lig_5831-1	-2.1	0.01
lig_4-99	lig_5832-1	-3.4099999999999997	0.01
lig_4-99	lig_5834-1	-5.63	0.01
lig_4-99	lig_5838-1	-2.01	0.01
lig_4-99	lig_587-2	-3.229999999999997	0.01
lig_4-99	lig_5877-1	-5.4	0.01
lig_4-99	lig_5886-1	-5.870000000000001	0.01
lig_4-99	lig_5896-1	-1.75	0.01
lig_4-99	lig_5918-1	-2.1	0.01
lig_4-99	lig_5956-1	-2.8600000000000003	0.01
lig_4-99	lig_5957-1	-4.609999999999998	0.01
lig_4-99	lig_5976-1	-0.2099999999999997	0.01
lig_4-99	lig_6017-1	-1.9	0.01
lig_4-99	lig_6017-2	-2.39	0.01
lig_4-99	lig_604-1	0.4199999999999999	0.01
lig_4-99	lig_6094-1	3.819999999999993	0.01
lig_4-99	lig_62-1	-2.0	0.01
lig_4-99	lig_6209-1	-1.150000000000002	0.01
lig_4-99	lig_6254-1	-0.8499999999999979	0.01
lig_4-99	lig_6273-1	-2.4899999999999984	0.01
lig_4-99	lig_6276-1	-1.269999999999996	0.01
lig_4-99	lig_6281-1	-0.8999999999999986	0.01
lig_4-99	lig_629-2	1.029999999999994	0.01
lig_4-99	lig_6291-1	-2.74	0.01
lig_4-99	lig_630-2	-2.62	0.01
lig_4-99	lig_652-1	-2.83	0.01
lig_4-99	lig_657-1	-3.1900000000000013	0.01
lig_4-99	lig_6585-1	-1.3000000000000007	0.01
lig_4-99	lig_659-1	-4.64	0.01
lig_4-99	lig_6593-1	-1.709999999999999	0.01
lig_4-99	lig_6596-2	-1.8599999999999997	0.01
lig_4-99	lig_6603-3	-2.2	0.01
lig_4-99	lig_6603-4	-1.9700000000000009	0.01
lig_4-99	lig_6634-1	3.640000000000001	0.01
lig_4-99	lig_6634-2	3.990000000000002	0.01
lig_4-99	lig_664-1	-3.76	0.01
lig_4-99	lig_6654-3	-1.1399999999999997	0.01
lig_4-99	lig_6654-4	-3.61	0.01
lig_4-99	lig_6669-1	-1.0	0.01
lig_4-99	lig_6669-2	-0.8999999999999986	0.01
lig_4-99	lig_669-1	-1.009999999999998	0.01
lig_4-99	lig_6704-1	2.6200000000000045	0.01
lig_4-99	lig_6704-2	-1.75	0.01
lig_4-99	lig_6708-1	-1.7699999999999996	0.01
lig_4-99	lig_6709-1	-3.8	0.01
lig_4-99	lig_6713-1	1.3500000000000083	0.01
lig_4-99	lig_6717-1	2.0200000000000102	0.01
lig_4-99	lig_6718-1	-0.8399999999999999	0.01
lig_4-99	lig_6730-1	-4.799999999999997	0.01
lig_4-99	lig_6751-1	-0.3599999999999994	0.01
lig_4-99	lig_6752-1	-2.95	0.01
lig_4-99	lig_6755-1	-1.75	0.01
lig_4-99	lig_6755-2	-3.679999999999999	0.01
lig_4-99	lig_6756-1	0.04	0.01
lig_4-99	lig_6792-1	-1.879999999999999	0.01
lig_4-99	lig_6796-1	-1.6200000000000043	0.01
lig_4-99	lig_6812-1	0.0399999999999991	0.01
lig_4-99	lig_6821-1	-1.7600000000000016	0.01
lig_4-99	lig_6850-1	0.8700000000000045	0.01
lig_4-99	lig_692-1	-2.6499999999999995	0.01
lig_4-99	lig_695-1	-0.0600000000000005	0.01
lig_4-99	lig_6964-1	-1.900000000000002	0.01
lig_4-99	lig_6971-1	-0.9800000000000004	0.01
lig_4-99	lig_6981-2	0.480000000000004	0.01
lig_4-99	lig_6982-1	-0.4200000000000017	0.01
lig_4-99	lig_6983-1	-3.0	0.01
lig_4-99	lig_7014-1	-2.080000000000002	0.01
lig_4-99	lig_7047-1	0.3200000000000003	0.01
lig_4-99	lig_7047-2	1.2700000000000014	0.01
lig_4-99	lig_7059-3	-2.449999999999996	0.01
lig_4-99	lig_7060-2	-0.3500000000000014	0.01
lig_4-99	lig_7064-1	-2.6500000000000004	0.01
lig_4-99	lig_707-1	-2.3100000000000005	0.01
lig_4-99	lig_708-1	-2.6899999999999977	0.01
lig_4-99	lig_7086-1	-3.69	0.01
lig_4-99	lig_7086-2	-4.04	0.01
lig_4-99	lig_7088-1	-4.18	0.01
lig_4-99	lig_7088-2	-2.56	0.01
lig_4-99	lig_71-1	-1.7899999999999991	0.01
lig_4-99	lig_711-1	-3.530000000000001	0.01
lig_4-99	lig_7113-1	-3.68	0.01
lig_4-99	lig_7123-1	-2.6699999999999946	0.01
lig_4-99	lig_7136-1	-4.3100000000000005	0.01
lig_4-99	lig_714-1	-2.999999999999999	0.01
lig_4-99	lig_7142-1	-3.2500000000000004	0.01
lig_4-99	lig_717-1	-2.6500000000000004	0.01
lig_4-99	lig_7182-1	-1.0	0.01
lig_4-99	lig_719-1	-0.0899999999999998	0.01
lig_4-99	lig_7190-1	-2.8100000000000023	0.01
lig_4-99	lig_7195-1	-0.0100000000000015	0.01
lig_4-99	lig_7202-1	-2.71	0.01
lig_4-99	lig_7202-2	-6.42	0.01
lig_4-99	lig_7206-1	-1.7899999999999991	0.01
lig_4-99	lig_7207-1	-3.370000000000001	0.01
lig_4-99	lig_7207-2	-0.9200000000000016	0.01
lig_4-99	lig_7233-1	-2.46	0.01
lig_4-99	lig_7264-1	-2.289999999999999	0.01
lig_4-99	lig_7271-1	1.0399999999999991	0.01
lig_4-99	lig_7305-1	-0.4699999999999988	0.01
lig_4-99	lig_732-2	-0.7700000000000005	0.01
lig_4-99	lig_7322-1	-3.63	0.01
lig_4-99	lig_7328-1	-1.8700000000000043	0.01
lig_4-99	lig_7346-4	3.580000000000002	0.01
lig_4-99	lig_7409-1	-0.3999999999999986	0.01
lig_4-99	lig_7465-2	-1.88	0.01
lig_4-99	lig_7472-1	0.1900000000000012	0.01
lig_4-99	lig_7472-2	1.2400000000000002	0.01
lig_4-99	lig_7472-3	-0.6500000000000004	0.01
lig_4-99	lig_7472-4	-0.7100000000000009	0.01
lig_4-99	lig_7496-1	-2.629999999999999	0.01
lig_4-99	lig_750-1	-0.5300000000000011	0.01
lig_4-99	lig_750-2	-3.1900000000000013	0.01
lig_4-99	lig_7501-1	-0.3000000000000007	0.01
lig_4-99	lig_7503-1	0.1299999999999954	0.01
lig_4-99	lig_7505-1	-1.0900000000000016	0.01
lig_4-99	lig_7506-1	0.1999999999999993	0.01
lig_4-99	lig_7506-3	-3.1099999999999994	0.01
lig_4-99	lig_7506-4	-0.3199999999999967	0.01
lig_4-99	lig_7507-1	2.09	0.01
lig_4-99	lig_7508-3	-1.2899999999999991	0.01
lig_4-99	lig_7511-2	-2.469999999999999	0.01
lig_4-99	lig_7511-4	-1.6999999999999993	0.01
lig_4-99	lig_7513-1	-0.0500000000000113	0.01
lig_4-99	lig_7516-1	-1.509999999999991	0.01
lig_4-99	lig_753-1	-4.02	0.01
lig_4-99	lig_753-2	-2.26	0.01
lig_4-99	lig_7553-1	-0.8700000000000045	0.01
lig_4-99	lig_7568-1	0.8200000000000003	0.01
lig_4-99	lig_7569-1	-0.879999999999999	0.01
lig_4-99	lig_7574-1	-0.5399999999999991	0.01
lig_4-99	lig_7587-1	-1.2100000000000009	0.01
lig_4-99	lig_7587-2	-4.210000000000001	0.01
lig_4-99	lig_7587-4	-0.9200000000000016	0.01
lig_4-99	lig_7591-1	1.519999999999996	0.01
lig_4-99	lig_7591-2	-0.5900000000000034	0.01
lig_4-99	lig_7591-4	2.6899999999999977	0.01
lig_4-99	lig_7596-1	-3.19	0.01
lig_4-99	lig_7596-2	-0.6400000000000006	0.01
lig_4-99	lig_76-1	-1.6500000000000004	0.01
lig_4-99	lig_761-1	-3.65	0.01
lig_4-99	lig_761-2	-4.0	0.01
lig_4-99	lig_7616-1	-1.0	0.01
lig_4-99	lig_7622-2	0.759999999999998	0.01
lig_4-99	lig_7677-1	-2.4000000000000004	0.01
lig_4-99	lig_771-1	-2.210000000000008	0.01
lig_4-99	lig_774-1	-1.93	0.01
lig_4-99	lig_7769-1	-1.8599999999999997	0.01
lig_4-99	lig_7769-2	0.7000000000000028	0.01
lig_4-99	lig_777-1	-2.140000000000001	0.01
lig_4-99	lig_7800-1	0.1099999999999994	0.01
lig_4-99	lig_7805-1	-2.539999999999992	0.01
lig_4-99	lig_7817-1	-1.8000000000000045	0.01
lig_4-99	lig_784-1	-2.1599999999999966	0.01
lig_4-99	lig_795-1	-2.52	0.01
lig_4-99	lig_798-3	-1.6999999999999993	0.01
lig_4-99	lig_798-4	0.0700000000000002	0.01
lig_4-99	lig_8-1	-4.5	0.01
lig_4-99	lig_8027-1	0.1700000000000017	0.01
lig_4-99	lig_8034-1	-2.759999999999998	0.01
lig_4-99	lig_8035-1	-2.959999999999999	0.01
lig_4-99	lig_8036-3	-2.3099999999999987	0.01
lig_4-99	lig_8037-1	-1.2300000000000004	0.01
lig_4-99	lig_8040-1	-0.9499999999999992	0.01
lig_4-99	lig_8045-1	-1.4499999999999993	0.01
lig_4-99	lig_8048-1	-4.479999999999997	0.01
lig_4-99	lig_8048-2	-2.8100000000000023	0.01
lig_4-99	lig_8058-1	-0.6400000000000006	0.01
lig_4-99	lig_8077-1	-1.7300000000000004	0.01
lig_4-99	lig_82-1	-0.1000000000000014	0.01
lig_4-99	lig_8216-1	3.1199999999999903	0.01
lig_4-99	lig_824-1	-3.69	0.01
lig_4-99	lig_826-1	-4.67	0.01
lig_4-99	lig_8309-1	-1.509999999999998	0.01
lig_4-99	lig_832-1	-3.09	0.01
lig_4-99	lig_836-1	-3.54	0.01
lig_4-99	lig_841-1	-3.140000000000001	0.01
lig_4-99	lig_8538-1	-0.4499999999999993	0.01
lig_4-99	lig_862-1	-2.8799999999999994	0.01
lig_4-99	lig_8663-2	-3.380000000000001	0.01
lig_4-99	lig_87-1	-1.73	0.01
lig_4-99	lig_8711-1	-4.520000000000003	0.01
lig_4-99	lig_8802-1	-1.2000000000000028	0.01
lig_4-99	lig_8817-1	-3.3599999999999994	0.01
lig_4-99	lig_8817-2	-2.490000000000002	0.01
lig_4-99	lig_8823-1	-1.7999999999999998	0.01
lig_4-99	lig_8824-1	-3.17	0.01
lig_4-99	lig_8826-1	0.37	0.01
lig_4-99	lig_8827-1	-1.8299999999999983	0.01
lig_4-99	lig_8838-1	-2.7700000000000005	0.01
lig_4-99	lig_8839-1	-3.719999999999999	0.01
lig_4-99	lig_8840-1	-3.019999999999998	0.01
lig_4-99	lig_8841-1	-2.1000000000000014	0.01
lig_4-99	lig_8842-1	-2.23	0.01
lig_4-99	lig_8899-1	-5.26	0.01
lig_4-99	lig_8924-1	-5.15	0.01
lig_4-99	lig_8924-2	-4.890000000000001	0.01
lig_4-99	lig_8924-3	-4.930000000000001	0.01
lig_4-99	lig_8934-1	-0.1900000000000012	0.01
lig_4-99	lig_9038-1	-1.990000000000002	0.01
lig_4-99	lig_9083-1	-3.890000000000001	0.01
lig_4-99	lig_9120-1	-3.66	0.01
lig_4-99	lig_9194-1	-0.0399999999999991	0.01
lig_4-99	lig_9262-1	-1.519999999999996	0.01
lig_4-99	lig_9270-1	-3.49	0.01
lig_4-99	lig_9274-1	0.6000000000000014	0.01
lig_4-99	lig_9274-2	-0.1000000000000085	0.01
lig_4-99	lig_9289-1	0.8199999999999994	0.01
lig_4-99	lig_93-1	-2.18	0.01
lig_4-99	lig_9303-1	-1.3100000000000025	0.01
lig_4-99	lig_9311-1	-2.469999999999999	0.01
lig_4-99	lig_9314-1	2.059999999999974	0.01
lig_4-99	lig_9316-1	1.6199999999999903	0.01
lig_4-99	lig_9320-1	-3.37	0.01
lig_4-99	lig_9337-1	-1.2600000000000016	0.01
lig_4-99	lig_9347-1	-0.9699999999999988	0.01
lig_4-99	lig_9417-1	-3.16	0.01
lig_4-99	lig_9417-2	-0.8499999999999996	0.01
lig_4-99	lig_9445-1	-0.5199999999999996	0.01
lig_4-99	lig_9505-4	-2.9200000000000017	0.01
lig_4-99	lig_9526-1	1.6799999999999995	0.01
lig_4-99	lig_9590-2	1.0599999999999996	0.01
lig_4-99	lig_9711-1	1.1999999999999955	0.01
lig_4-99	lig_9751-1	-3.379999999999999	0.01
lig_4-99	lig_9790-1	-4.92	0.01
lig_4-99	lig_9792-2	-0.2700000000000031	0.01
lig_4-99	lig_9792-3	0.5599999999999952	0.01
lig_4-99	lig_9812-1	-4.629999999999999	0.01
lig_4-99	lig_9923-1	-3.1200000000000045	0.01
lig_4-99	lig_9953-1	-4.970000000000006	0.01
